INSERT INTO evm_tokens(identifier, token_kind, chain, address, decimals, protocol) VALUES("eip155:100/erc20:0x21a42669643f45Bc0e086b8Fc2ed70c23D67509d", "A", "D", "0x21a42669643f45Bc0e086b8Fc2ed70c23D67509d", 18, NULL);INSERT INTO assets(identifier,type, started, swapped_for) VALUES("eip155:100/erc20:0x21a42669643f45Bc0e086b8Fc2ed70c23D67509d", "C", 1625851095, NULL); INSERT INTO common_asset_details(identifier, name, symbol, coingecko, cryptocompare, forked) VALUES("eip155:100/erc20:0x21a42669643f45Bc0e086b8Fc2ed70c23D67509d", "FOX on xDai", "FOX", "shapeshift-fox-token", "", NULL);
INSERT INTO evm_tokens(identifier, token_kind, chain, address, decimals, protocol) VALUES("eip155:100/erc20:0x256eb8a51f382650B2A1e946b8811953640ee47D", "A", "D", "0x256eb8a51f382650B2A1e946b8811953640ee47D", 18, NULL);INSERT INTO assets(identifier,type, started, swapped_for) VALUES("eip155:100/erc20:0x256eb8a51f382650B2A1e946b8811953640ee47D", "C", 1630618945, NULL); INSERT INTO common_asset_details(identifier, name, symbol, coingecko, cryptocompare, forked) VALUES("eip155:100/erc20:0x256eb8a51f382650B2A1e946b8811953640ee47D", "'Streamr'", "DATA", "streamr", "DATA", NULL);
INSERT INTO evm_tokens(identifier, token_kind, chain, address, decimals, protocol) VALUES("eip155:100/erc20:0x4537e328Bf7e4eFA29D05CAeA260D7fE26af9D74", "A", "D", "0x4537e328Bf7e4eFA29D05CAeA260D7fE26af9D74", 18, NULL);INSERT INTO assets(identifier,type, started, swapped_for) VALUES("eip155:100/erc20:0x4537e328Bf7e4eFA29D05CAeA260D7fE26af9D74", "C", 1600361920, NULL); INSERT INTO common_asset_details(identifier, name, symbol, coingecko, cryptocompare, forked) VALUES("eip155:100/erc20:0x4537e328Bf7e4eFA29D05CAeA260D7fE26af9D74", "Uniswap on xDai", "UNI", "uniswap", "", NULL);
INSERT INTO evm_tokens(identifier, token_kind, chain, address, decimals, protocol) VALUES("eip155:100/erc20:0x48b1B0d077b4919b65b4E4114806dD803901E1D9", "A", "D", "0x48b1B0d077b4919b65b4E4114806dD803901E1D9", 18, NULL);INSERT INTO assets(identifier,type, started, swapped_for) VALUES("eip155:100/erc20:0x48b1B0d077b4919b65b4E4114806dD803901E1D9", "C", 1602261940, NULL); INSERT INTO common_asset_details(identifier, name, symbol, coingecko, cryptocompare, forked) VALUES("eip155:100/erc20:0x48b1B0d077b4919b65b4E4114806dD803901E1D9", "Decentralized Insurance Protocol on xDai", "DIP", "etherisc", "", NULL);
INSERT INTO evm_tokens(identifier, token_kind, chain, address, decimals, protocol) VALUES("eip155:100/erc20:0x4f4F9b8D5B4d0Dc10506e5551B0513B61fD59e75", "A", "D", "0x4f4F9b8D5B4d0Dc10506e5551B0513B61fD59e75", 18, NULL);INSERT INTO assets(identifier,type, started, swapped_for) VALUES("eip155:100/erc20:0x4f4F9b8D5B4d0Dc10506e5551B0513B61fD59e75", "C", 1639667545, NULL); INSERT INTO common_asset_details(identifier, name, symbol, coingecko, cryptocompare, forked) VALUES("eip155:100/erc20:0x4f4F9b8D5B4d0Dc10506e5551B0513B61fD59e75", "Giveth from Mainnet", "GIV", "giveth", "", NULL);
INSERT INTO evm_tokens(identifier, token_kind, chain, address, decimals, protocol) VALUES("eip155:100/erc20:0x524B969793a64a602342d89BC2789D43a016B13A", "A", "D", "0x524B969793a64a602342d89BC2789D43a016B13A", 18, NULL);INSERT INTO assets(identifier,type, started, swapped_for) VALUES("eip155:100/erc20:0x524B969793a64a602342d89BC2789D43a016B13A", "C", 1601528555, NULL); INSERT INTO common_asset_details(identifier, name, symbol, coingecko, cryptocompare, forked) VALUES("eip155:100/erc20:0x524B969793a64a602342d89BC2789D43a016B13A", "Donut on xDai", "DONUT", "donut", "", NULL);
INSERT INTO evm_tokens(identifier, token_kind, chain, address, decimals, protocol) VALUES("eip155:100/erc20:0x6A023CCd1ff6F2045C3309768eAd9E68F978f6e1", "A", "D", "0x6A023CCd1ff6F2045C3309768eAd9E68F978f6e1", 18, NULL);INSERT INTO assets(identifier,type, started, swapped_for) VALUES("eip155:100/erc20:0x6A023CCd1ff6F2045C3309768eAd9E68F978f6e1", "C", 1597875390, NULL); INSERT INTO common_asset_details(identifier, name, symbol, coingecko, cryptocompare, forked) VALUES("eip155:100/erc20:0x6A023CCd1ff6F2045C3309768eAd9E68F978f6e1", "Wrapped Ether on xDai", "WETH", "weth", "", NULL);
INSERT INTO evm_tokens(identifier, token_kind, chain, address, decimals, protocol) VALUES("eip155:100/erc20:0x6A8cb6714B1EE5b471a7D2eC4302cb4f5Ff25eC2", "A", "D", "0x6A8cb6714B1EE5b471a7D2eC4302cb4f5Ff25eC2", 18, NULL);INSERT INTO assets(identifier,type, started, swapped_for) VALUES("eip155:100/erc20:0x6A8cb6714B1EE5b471a7D2eC4302cb4f5Ff25eC2", "C", 1602809935, NULL); INSERT INTO common_asset_details(identifier, name, symbol, coingecko, cryptocompare, forked) VALUES("eip155:100/erc20:0x6A8cb6714B1EE5b471a7D2eC4302cb4f5Ff25eC2", "Energy Web Token Bridged on xDai", "EWTB", "energy-web-token", "", NULL);
INSERT INTO evm_tokens(identifier, token_kind, chain, address, decimals, protocol) VALUES("eip155:100/erc20:0x83FF60E2f93F8eDD0637Ef669C69D5Fb4f64cA8E", "A", "D", "0x83FF60E2f93F8eDD0637Ef669C69D5Fb4f64cA8E", 18, NULL);INSERT INTO assets(identifier,type, started, swapped_for) VALUES("eip155:100/erc20:0x83FF60E2f93F8eDD0637Ef669C69D5Fb4f64cA8E", "C", 1631039835, NULL); INSERT INTO common_asset_details(identifier, name, symbol, coingecko, cryptocompare, forked) VALUES("eip155:100/erc20:0x83FF60E2f93F8eDD0637Ef669C69D5Fb4f64cA8E", "Bright on xDai", "BRIGHT", "bright-token", "", NULL);
INSERT INTO evm_tokens(identifier, token_kind, chain, address, decimals, protocol) VALUES("eip155:100/erc20:0x84E2C67CBEfae6B5148fcA7d02B341B12ff4b5Bb", "A", "D", "0x84E2C67CBEfae6B5148fcA7d02B341B12ff4b5Bb", 18, NULL);INSERT INTO assets(identifier,type, started, swapped_for) VALUES("eip155:100/erc20:0x84E2C67CBEfae6B5148fcA7d02B341B12ff4b5Bb", "C", 1634581180, NULL); INSERT INTO common_asset_details(identifier, name, symbol, coingecko, cryptocompare, forked) VALUES("eip155:100/erc20:0x84E2C67CBEfae6B5148fcA7d02B341B12ff4b5Bb", "Swash Token", "SWASH", "swash", "SWASH", NULL);
INSERT INTO evm_tokens(identifier, token_kind, chain, address, decimals, protocol) VALUES("eip155:100/erc20:0x8b8407c6184f1f0Fd1082e83d6A3b8349cAcEd12", "A", "D", "0x8b8407c6184f1f0Fd1082e83d6A3b8349cAcEd12", 8, NULL);INSERT INTO assets(identifier,type, started, swapped_for) VALUES("eip155:100/erc20:0x8b8407c6184f1f0Fd1082e83d6A3b8349cAcEd12", "C", 1614982445, NULL); INSERT INTO common_asset_details(identifier, name, symbol, coingecko, cryptocompare, forked) VALUES("eip155:100/erc20:0x8b8407c6184f1f0Fd1082e83d6A3b8349cAcEd12", "Circuits of Value V2", "COVAL", "circuits-of-value", "", NULL);
INSERT INTO evm_tokens(identifier, token_kind, chain, address, decimals, protocol) VALUES("eip155:100/erc20:0x8e5bBbb09Ed1ebdE8674Cda39A0c169401db4252", "A", "D", "0x8e5bBbb09Ed1ebdE8674Cda39A0c169401db4252", 8, NULL);INSERT INTO assets(identifier,type, started, swapped_for) VALUES("eip155:100/erc20:0x8e5bBbb09Ed1ebdE8674Cda39A0c169401db4252", "C", 1600968995, NULL); INSERT INTO common_asset_details(identifier, name, symbol, coingecko, cryptocompare, forked) VALUES("eip155:100/erc20:0x8e5bBbb09Ed1ebdE8674Cda39A0c169401db4252", "Wrapped BTC on xDai", "WBTC", "wrapped-bitcoin", "", NULL);
INSERT INTO evm_tokens(identifier, token_kind, chain, address, decimals, protocol) VALUES("eip155:100/erc20:0x9C58BAcC331c9aa871AFD802DB6379a98e80CEdb", "A", "D", "0x9C58BAcC331c9aa871AFD802DB6379a98e80CEdb", 18, NULL);INSERT INTO assets(identifier,type, started, swapped_for) VALUES("eip155:100/erc20:0x9C58BAcC331c9aa871AFD802DB6379a98e80CEdb", "C", 1598213055, NULL); INSERT INTO common_asset_details(identifier, name, symbol, coingecko, cryptocompare, forked) VALUES("eip155:100/erc20:0x9C58BAcC331c9aa871AFD802DB6379a98e80CEdb", "Gnosis Token on xDai", "GNO", "gnosis", "", NULL);
INSERT INTO evm_tokens(identifier, token_kind, chain, address, decimals, protocol) VALUES("eip155:100/erc20:0xB17d999E840e0c1B157Ca5Ab8039Bd958b5fA317", "A", "D", "0xB17d999E840e0c1B157Ca5Ab8039Bd958b5fA317", 18, NULL);INSERT INTO assets(identifier,type, started, swapped_for) VALUES("eip155:100/erc20:0xB17d999E840e0c1B157Ca5Ab8039Bd958b5fA317", "C", 1605559570, NULL); INSERT INTO common_asset_details(identifier, name, symbol, coingecko, cryptocompare, forked) VALUES("eip155:100/erc20:0xB17d999E840e0c1B157Ca5Ab8039Bd958b5fA317", "Wrapped ETHO", "ETHO", "ether-1", "ETHO", NULL);
INSERT INTO evm_tokens(identifier, token_kind, chain, address, decimals, protocol) VALUES("eip155:100/erc20:0xb7D311E2Eb55F2f68a9440da38e7989210b9A05e", "A", "D", "0xb7D311E2Eb55F2f68a9440da38e7989210b9A05e", 18, NULL);INSERT INTO assets(identifier,type, started, swapped_for) VALUES("eip155:100/erc20:0xb7D311E2Eb55F2f68a9440da38e7989210b9A05e", "C", 1597950115, NULL); INSERT INTO common_asset_details(identifier, name, symbol, coingecko, cryptocompare, forked) VALUES("eip155:100/erc20:0xb7D311E2Eb55F2f68a9440da38e7989210b9A05e", "STAKE on xDai", "STAKE", "xdai-stake", "", NULL);
INSERT INTO evm_tokens(identifier, token_kind, chain, address, decimals, protocol) VALUES("eip155:100/erc20:0xb90D6bec20993Be5d72A5ab353343f7a0281f158", "A", "D", "0xb90D6bec20993Be5d72A5ab353343f7a0281f158", 18, NULL);INSERT INTO assets(identifier,type, started, swapped_for) VALUES("eip155:100/erc20:0xb90D6bec20993Be5d72A5ab353343f7a0281f158", "C", 1615900290, NULL); INSERT INTO common_asset_details(identifier, name, symbol, coingecko, cryptocompare, forked) VALUES("eip155:100/erc20:0xb90D6bec20993Be5d72A5ab353343f7a0281f158", "DXdao on xDai", "DXD", "dxdao", "", NULL);
INSERT INTO evm_tokens(identifier, token_kind, chain, address, decimals, protocol) VALUES("eip155:100/erc20:0xbf65bfcb5da067446CeE6A706ba3Fe2fB1a9fdFd", "A", "D", "0xbf65bfcb5da067446CeE6A706ba3Fe2fB1a9fdFd", 18, NULL);INSERT INTO assets(identifier,type, started, swapped_for) VALUES("eip155:100/erc20:0xbf65bfcb5da067446CeE6A706ba3Fe2fB1a9fdFd", "C", 1598388455, NULL); INSERT INTO common_asset_details(identifier, name, symbol, coingecko, cryptocompare, forked) VALUES("eip155:100/erc20:0xbf65bfcb5da067446CeE6A706ba3Fe2fB1a9fdFd", "yearn.finance on xDai", "YFI", "yearn-finance", "", NULL);
INSERT INTO evm_tokens(identifier, token_kind, chain, address, decimals, protocol) VALUES("eip155:100/erc20:0xD057604A14982FE8D88c5fC25Aac3267eA142a08", "A", "D", "0xD057604A14982FE8D88c5fC25Aac3267eA142a08", 18, NULL);INSERT INTO assets(identifier,type, started, swapped_for) VALUES("eip155:100/erc20:0xD057604A14982FE8D88c5fC25Aac3267eA142a08", "C", 1613793855, NULL); INSERT INTO common_asset_details(identifier, name, symbol, coingecko, cryptocompare, forked) VALUES("eip155:100/erc20:0xD057604A14982FE8D88c5fC25Aac3267eA142a08", "HOPR Token on xDai", "HOPR", "hopr", "HOPR", NULL);
INSERT INTO evm_tokens(identifier, token_kind, chain, address, decimals, protocol) VALUES("eip155:100/erc20:0xD3D47d5578e55C880505dC40648F7F9307C3e7A8", "A", "D", "0xD3D47d5578e55C880505dC40648F7F9307C3e7A8", 18, NULL);INSERT INTO assets(identifier,type, started, swapped_for) VALUES("eip155:100/erc20:0xD3D47d5578e55C880505dC40648F7F9307C3e7A8", "C", 1614372675, NULL); INSERT INTO common_asset_details(identifier, name, symbol, coingecko, cryptocompare, forked) VALUES("eip155:100/erc20:0xD3D47d5578e55C880505dC40648F7F9307C3e7A8", "DefiPulse Index on xDai", "DPI", "defipulse-index", "", NULL);
INSERT INTO evm_tokens(identifier, token_kind, chain, address, decimals, protocol) VALUES("eip155:100/erc20:0xD51e1ddD116fFF9A71C1B8FEEb58113aFa2B4d93", "A", "D", "0xD51e1ddD116fFF9A71C1B8FEEb58113aFa2B4d93", 9, NULL);INSERT INTO assets(identifier,type, started, swapped_for) VALUES("eip155:100/erc20:0xD51e1ddD116fFF9A71C1B8FEEb58113aFa2B4d93", "C", 1602570695, NULL); INSERT INTO common_asset_details(identifier, name, symbol, coingecko, cryptocompare, forked) VALUES("eip155:100/erc20:0xD51e1ddD116fFF9A71C1B8FEEb58113aFa2B4d93", "AMIS on xDai", "AMIS", "amis", "", NULL);
INSERT INTO evm_tokens(identifier, token_kind, chain, address, decimals, protocol) VALUES("eip155:100/erc20:0xDDAfbb505ad214D7b80b1f830fcCc89B60fb7A83", "A", "D", "0xDDAfbb505ad214D7b80b1f830fcCc89B60fb7A83", 6, NULL);INSERT INTO assets(identifier,type, started, swapped_for) VALUES("eip155:100/erc20:0xDDAfbb505ad214D7b80b1f830fcCc89B60fb7A83", "C", 1597874085, NULL); INSERT INTO common_asset_details(identifier, name, symbol, coingecko, cryptocompare, forked) VALUES("eip155:100/erc20:0xDDAfbb505ad214D7b80b1f830fcCc89B60fb7A83", "USD//C on xDai", "USDC", "usd-coin", "", NULL);
INSERT INTO evm_tokens(identifier, token_kind, chain, address, decimals, protocol) VALUES("eip155:100/erc20:0xdfc20AE04ED70bd9c7D720F449eEDAe19F659D65", "A", "D", "0xdfc20AE04ED70bd9c7D720F449eEDAe19F659D65", 18, NULL);INSERT INTO assets(identifier,type, started, swapped_for) VALUES("eip155:100/erc20:0xdfc20AE04ED70bd9c7D720F449eEDAe19F659D65", "C", 1607062105, NULL); INSERT INTO common_asset_details(identifier, name, symbol, coingecko, cryptocompare, forked) VALUES("eip155:100/erc20:0xdfc20AE04ED70bd9c7D720F449eEDAe19F659D65", "Badger on xDai", "BADGER", "badger-dao", "", NULL);
INSERT INTO evm_tokens(identifier, token_kind, chain, address, decimals, protocol) VALUES("eip155:100/erc20:0xE2e73A1c69ecF83F464EFCE6A5be353a37cA09b2", "A", "D", "0xE2e73A1c69ecF83F464EFCE6A5be353a37cA09b2", 18, NULL);INSERT INTO assets(identifier,type, started, swapped_for) VALUES("eip155:100/erc20:0xE2e73A1c69ecF83F464EFCE6A5be353a37cA09b2", "C", 1597866280, NULL); INSERT INTO common_asset_details(identifier, name, symbol, coingecko, cryptocompare, forked) VALUES("eip155:100/erc20:0xE2e73A1c69ecF83F464EFCE6A5be353a37cA09b2", "ChainLink Token on xDai", "LINK", "chainlink", "", NULL);
INSERT INTO evm_tokens(identifier, token_kind, chain, address, decimals, protocol) VALUES("eip155:10/erc20:0x078f358208685046a11C85e8ad32895DED33A249", "A", "B", "0x078f358208685046a11C85e8ad32895DED33A249", 8, NULL);INSERT INTO assets(identifier,type, started, swapped_for) VALUES("eip155:10/erc20:0x078f358208685046a11C85e8ad32895DED33A249", "C", 1647006603, NULL); INSERT INTO common_asset_details(identifier, name, symbol, coingecko, cryptocompare, forked) VALUES("eip155:10/erc20:0x078f358208685046a11C85e8ad32895DED33A249", "Aave Optimism WBTC", "aOptWBTC", "aave-wbtc", "WBTC", NULL);
INSERT INTO evm_tokens(identifier, token_kind, chain, address, decimals, protocol) VALUES("eip155:10/erc20:0x191c10Aa4AF7C30e871E70C95dB0E4eb77237530", "A", "B", "0x191c10Aa4AF7C30e871E70C95dB0E4eb77237530", 18, NULL);INSERT INTO assets(identifier,type, started, swapped_for) VALUES("eip155:10/erc20:0x191c10Aa4AF7C30e871E70C95dB0E4eb77237530", "C", 1647006588, NULL); INSERT INTO common_asset_details(identifier, name, symbol, coingecko, cryptocompare, forked) VALUES("eip155:10/erc20:0x191c10Aa4AF7C30e871E70C95dB0E4eb77237530", "Aave Optimism LINK", "aOptLINK", "aave-link", "LINK", NULL);
INSERT INTO evm_tokens(identifier, token_kind, chain, address, decimals, protocol) VALUES("eip155:10/erc20:0x1da650C3B2DaA8AA9Ff6F661d4156Ce24d08A062", "A", "B", "0x1da650C3B2DaA8AA9Ff6F661d4156Ce24d08A062", 0, NULL);INSERT INTO assets(identifier,type, started, swapped_for) VALUES("eip155:10/erc20:0x1da650C3B2DaA8AA9Ff6F661d4156Ce24d08A062", "C", 1638877793, NULL); INSERT INTO common_asset_details(identifier, name, symbol, coingecko, cryptocompare, forked) VALUES("eip155:10/erc20:0x1da650C3B2DaA8AA9Ff6F661d4156Ce24d08A062", "Dentacoin", "DCN", "dentacoin", "", NULL);
INSERT INTO evm_tokens(identifier, token_kind, chain, address, decimals, protocol) VALUES("eip155:10/erc20:0x296F55F8Fb28E498B858d0BcDA06D955B2Cb3f97", "A", "B", "0x296F55F8Fb28E498B858d0BcDA06D955B2Cb3f97", 18, NULL);INSERT INTO assets(identifier,type, started, swapped_for) VALUES("eip155:10/erc20:0x296F55F8Fb28E498B858d0BcDA06D955B2Cb3f97", "C", 1647502788, NULL); INSERT INTO common_asset_details(identifier, name, symbol, coingecko, cryptocompare, forked) VALUES("eip155:10/erc20:0x296F55F8Fb28E498B858d0BcDA06D955B2Cb3f97", "StargateToken", "STG", "stargate-finance", "STG", NULL);
INSERT INTO evm_tokens(identifier, token_kind, chain, address, decimals, protocol) VALUES("eip155:10/erc20:0x350a791Bfc2C21F9Ed5d10980Dad2e2638ffa7f6", "A", "B", "0x350a791Bfc2C21F9Ed5d10980Dad2e2638ffa7f6", 18, NULL);INSERT INTO assets(identifier,type, started, swapped_for) VALUES("eip155:10/erc20:0x350a791Bfc2C21F9Ed5d10980Dad2e2638ffa7f6", "C", NULL, NULL); INSERT INTO common_asset_details(identifier, name, symbol, coingecko, cryptocompare, forked) VALUES("eip155:10/erc20:0x350a791Bfc2C21F9Ed5d10980Dad2e2638ffa7f6", "ChainLink Token", "LINK", "chainlink", "", NULL);
INSERT INTO evm_tokens(identifier, token_kind, chain, address, decimals, protocol) VALUES("eip155:10/erc20:0x4200000000000000000000000000000000000006", "A", "B", "0x4200000000000000000000000000000000000006", 18, NULL);INSERT INTO assets(identifier,type, started, swapped_for) VALUES("eip155:10/erc20:0x4200000000000000000000000000000000000006", "C", NULL, NULL); INSERT INTO common_asset_details(identifier, name, symbol, coingecko, cryptocompare, forked) VALUES("eip155:10/erc20:0x4200000000000000000000000000000000000006", "Wrapped Ether", "WETH", "weth", "", NULL);
INSERT INTO evm_tokens(identifier, token_kind, chain, address, decimals, protocol) VALUES("eip155:10/erc20:0x4200000000000000000000000000000000000042", "A", "B", "0x4200000000000000000000000000000000000042", 18, NULL);INSERT INTO assets(identifier,type, started, swapped_for) VALUES("eip155:10/erc20:0x4200000000000000000000000000000000000042", "C", 1650979836, NULL); INSERT INTO common_asset_details(identifier, name, symbol, coingecko, cryptocompare, forked) VALUES("eip155:10/erc20:0x4200000000000000000000000000000000000042", "Optimism", "OP", "optimism", "OP", NULL);
INSERT INTO evm_tokens(identifier, token_kind, chain, address, decimals, protocol) VALUES("eip155:10/erc20:0x625E7708f30cA75bfd92586e17077590C60eb4cD", "A", "B", "0x625E7708f30cA75bfd92586e17077590C60eb4cD", 6, NULL);INSERT INTO assets(identifier,type, started, swapped_for) VALUES("eip155:10/erc20:0x625E7708f30cA75bfd92586e17077590C60eb4cD", "C", 1647006588, NULL); INSERT INTO common_asset_details(identifier, name, symbol, coingecko, cryptocompare, forked) VALUES("eip155:10/erc20:0x625E7708f30cA75bfd92586e17077590C60eb4cD", "Aave Optimism USDC", "aOptUSDC", "aave-usdc", "USDC", NULL);
INSERT INTO evm_tokens(identifier, token_kind, chain, address, decimals, protocol) VALUES("eip155:10/erc20:0x68f180fcCe6836688e9084f035309E29Bf0A2095", "A", "B", "0x68f180fcCe6836688e9084f035309E29Bf0A2095", 8, NULL);INSERT INTO assets(identifier,type, started, swapped_for) VALUES("eip155:10/erc20:0x68f180fcCe6836688e9084f035309E29Bf0A2095", "C", NULL, NULL); INSERT INTO common_asset_details(identifier, name, symbol, coingecko, cryptocompare, forked) VALUES("eip155:10/erc20:0x68f180fcCe6836688e9084f035309E29Bf0A2095", "Wrapped BTC", "WBTC", "wrapped-bitcoin", "", NULL);
INSERT INTO evm_tokens(identifier, token_kind, chain, address, decimals, protocol) VALUES("eip155:10/erc20:0x6ab707Aca953eDAeFBc4fD23bA73294241490620", "A", "B", "0x6ab707Aca953eDAeFBc4fD23bA73294241490620", 6, NULL);INSERT INTO assets(identifier,type, started, swapped_for) VALUES("eip155:10/erc20:0x6ab707Aca953eDAeFBc4fD23bA73294241490620", "C", 1647006603, NULL); INSERT INTO common_asset_details(identifier, name, symbol, coingecko, cryptocompare, forked) VALUES("eip155:10/erc20:0x6ab707Aca953eDAeFBc4fD23bA73294241490620", "Aave Optimism USDT", "aOptUSDT", "aave-usdt", "USDT", NULL);
INSERT INTO evm_tokens(identifier, token_kind, chain, address, decimals, protocol) VALUES("eip155:10/erc20:0x6d80113e533a2C0fe82EaBD35f1875DcEA89Ea97", "A", "B", "0x6d80113e533a2C0fe82EaBD35f1875DcEA89Ea97", 18, NULL);INSERT INTO assets(identifier,type, started, swapped_for) VALUES("eip155:10/erc20:0x6d80113e533a2C0fe82EaBD35f1875DcEA89Ea97", "C", 1647006603, NULL); INSERT INTO common_asset_details(identifier, name, symbol, coingecko, cryptocompare, forked) VALUES("eip155:10/erc20:0x6d80113e533a2C0fe82EaBD35f1875DcEA89Ea97", "Aave Optimism SUSD", "aOptSUSD", "aave-susd", "sUSD", NULL);
INSERT INTO evm_tokens(identifier, token_kind, chain, address, decimals, protocol) VALUES("eip155:10/erc20:0x6fd9d7AD17242c41f7131d257212c54A0e816691", "A", "B", "0x6fd9d7AD17242c41f7131d257212c54A0e816691", 18, NULL);INSERT INTO assets(identifier,type, started, swapped_for) VALUES("eip155:10/erc20:0x6fd9d7AD17242c41f7131d257212c54A0e816691", "C", NULL, NULL); INSERT INTO common_asset_details(identifier, name, symbol, coingecko, cryptocompare, forked) VALUES("eip155:10/erc20:0x6fd9d7AD17242c41f7131d257212c54A0e816691", "Uniswap", "UNI", "uniswap", "", NULL);
INSERT INTO evm_tokens(identifier, token_kind, chain, address, decimals, protocol) VALUES("eip155:10/erc20:0x7F5c764cBc14f9669B88837ca1490cCa17c31607", "A", "B", "0x7F5c764cBc14f9669B88837ca1490cCa17c31607", 6, NULL);INSERT INTO assets(identifier,type, started, swapped_for) VALUES("eip155:10/erc20:0x7F5c764cBc14f9669B88837ca1490cCa17c31607", "C", NULL, NULL); INSERT INTO common_asset_details(identifier, name, symbol, coingecko, cryptocompare, forked) VALUES("eip155:10/erc20:0x7F5c764cBc14f9669B88837ca1490cCa17c31607", "USD Coin", "USDC", "usd-coin", "", NULL);
INSERT INTO evm_tokens(identifier, token_kind, chain, address, decimals, protocol) VALUES("eip155:10/erc20:0x7FB688CCf682d58f86D7e38e03f9D22e7705448B", "A", "B", "0x7FB688CCf682d58f86D7e38e03f9D22e7705448B", 18, NULL);INSERT INTO assets(identifier,type, started, swapped_for) VALUES("eip155:10/erc20:0x7FB688CCf682d58f86D7e38e03f9D22e7705448B", "C", NULL, NULL); INSERT INTO common_asset_details(identifier, name, symbol, coingecko, cryptocompare, forked) VALUES("eip155:10/erc20:0x7FB688CCf682d58f86D7e38e03f9D22e7705448B", "Rai Reflex Index", "RAI", "rai", "RAI", NULL);
INSERT INTO evm_tokens(identifier, token_kind, chain, address, decimals, protocol) VALUES("eip155:10/erc20:0x82E64f49Ed5EC1bC6e43DAD4FC8Af9bb3A2312EE", "A", "B", "0x82E64f49Ed5EC1bC6e43DAD4FC8Af9bb3A2312EE", 18, NULL);INSERT INTO assets(identifier,type, started, swapped_for) VALUES("eip155:10/erc20:0x82E64f49Ed5EC1bC6e43DAD4FC8Af9bb3A2312EE", "C", 1647006588, NULL); INSERT INTO common_asset_details(identifier, name, symbol, coingecko, cryptocompare, forked) VALUES("eip155:10/erc20:0x82E64f49Ed5EC1bC6e43DAD4FC8Af9bb3A2312EE", "Aave Optimism DAI", "aOptDAI", "aave-dai", "DAI", NULL);
INSERT INTO evm_tokens(identifier, token_kind, chain, address, decimals, protocol) VALUES("eip155:10/erc20:0x8700dAec35aF8Ff88c16BdF0418774CB3D7599B4", "A", "B", "0x8700dAec35aF8Ff88c16BdF0418774CB3D7599B4", 18, NULL);INSERT INTO assets(identifier,type, started, swapped_for) VALUES("eip155:10/erc20:0x8700dAec35aF8Ff88c16BdF0418774CB3D7599B4", "C", NULL, NULL); INSERT INTO common_asset_details(identifier, name, symbol, coingecko, cryptocompare, forked) VALUES("eip155:10/erc20:0x8700dAec35aF8Ff88c16BdF0418774CB3D7599B4", "Synthetix Network Token", "SNX", "havven", "", NULL);
INSERT INTO evm_tokens(identifier, token_kind, chain, address, decimals, protocol) VALUES("eip155:10/erc20:0x8c6f28f2F1A3C87F0f938b96d27520d9751ec8d9", "A", "B", "0x8c6f28f2F1A3C87F0f938b96d27520d9751ec8d9", 18, NULL);INSERT INTO assets(identifier,type, started, swapped_for) VALUES("eip155:10/erc20:0x8c6f28f2F1A3C87F0f938b96d27520d9751ec8d9", "C", NULL, NULL); INSERT INTO common_asset_details(identifier, name, symbol, coingecko, cryptocompare, forked) VALUES("eip155:10/erc20:0x8c6f28f2F1A3C87F0f938b96d27520d9751ec8d9", "Synth sUSD", "sUSD", "nusd", "", NULL);
INSERT INTO evm_tokens(identifier, token_kind, chain, address, decimals, protocol) VALUES("eip155:10/erc20:0x94b008aA00579c1307B0EF2c499aD98a8ce58e58", "A", "B", "0x94b008aA00579c1307B0EF2c499aD98a8ce58e58", 6, NULL);INSERT INTO assets(identifier,type, started, swapped_for) VALUES("eip155:10/erc20:0x94b008aA00579c1307B0EF2c499aD98a8ce58e58", "C", NULL, NULL); INSERT INTO common_asset_details(identifier, name, symbol, coingecko, cryptocompare, forked) VALUES("eip155:10/erc20:0x94b008aA00579c1307B0EF2c499aD98a8ce58e58", "Tether USD", "USDT", "tether", "", NULL);
INSERT INTO evm_tokens(identifier, token_kind, chain, address, decimals, protocol) VALUES("eip155:10/erc20:0x9e1028F5F1D5eDE59748FFceE5532509976840E0", "A", "B", "0x9e1028F5F1D5eDE59748FFceE5532509976840E0", 18, NULL);INSERT INTO assets(identifier,type, started, swapped_for) VALUES("eip155:10/erc20:0x9e1028F5F1D5eDE59748FFceE5532509976840E0", "C", 1640672230, NULL); INSERT INTO common_asset_details(identifier, name, symbol, coingecko, cryptocompare, forked) VALUES("eip155:10/erc20:0x9e1028F5F1D5eDE59748FFceE5532509976840E0", "Perpetual", "PERP", "perpetual-protocol", "", NULL);
INSERT INTO evm_tokens(identifier, token_kind, chain, address, decimals, protocol) VALUES("eip155:10/erc20:0xb12c13e66AdE1F72f71834f2FC5082Db8C091358", "A", "B", "0xb12c13e66AdE1F72f71834f2FC5082Db8C091358", 18, NULL);INSERT INTO assets(identifier,type, started, swapped_for) VALUES("eip155:10/erc20:0xb12c13e66AdE1F72f71834f2FC5082Db8C091358", "C", 1651144113, NULL); INSERT INTO common_asset_details(identifier, name, symbol, coingecko, cryptocompare, forked) VALUES("eip155:10/erc20:0xb12c13e66AdE1F72f71834f2FC5082Db8C091358", "ROOBEE", "ROOBEE", "roobee", "", NULL);
INSERT INTO evm_tokens(identifier, token_kind, chain, address, decimals, protocol) VALUES("eip155:10/erc20:0xc5Db22719A06418028A40A9B5E9A7c02959D0d08", "A", "B", "0xc5Db22719A06418028A40A9B5E9A7c02959D0d08", 18, NULL);INSERT INTO assets(identifier,type, started, swapped_for) VALUES("eip155:10/erc20:0xc5Db22719A06418028A40A9B5E9A7c02959D0d08", "C", NULL, NULL); INSERT INTO common_asset_details(identifier, name, symbol, coingecko, cryptocompare, forked) VALUES("eip155:10/erc20:0xc5Db22719A06418028A40A9B5E9A7c02959D0d08", "Synth sLINK", "sLINK", "slink", "LINK", NULL);
INSERT INTO evm_tokens(identifier, token_kind, chain, address, decimals, protocol) VALUES("eip155:10/erc20:0xDA10009cBd5D07dd0CeCc66161FC93D7c9000da1", "A", "B", "0xDA10009cBd5D07dd0CeCc66161FC93D7c9000da1", 18, NULL);INSERT INTO assets(identifier,type, started, swapped_for) VALUES("eip155:10/erc20:0xDA10009cBd5D07dd0CeCc66161FC93D7c9000da1", "C", NULL, NULL); INSERT INTO common_asset_details(identifier, name, symbol, coingecko, cryptocompare, forked) VALUES("eip155:10/erc20:0xDA10009cBd5D07dd0CeCc66161FC93D7c9000da1", "Dai Stablecoin", "DAI", "dai", "", NULL);
INSERT INTO evm_tokens(identifier, token_kind, chain, address, decimals, protocol) VALUES("eip155:10/erc20:0xe0BB0D3DE8c10976511e5030cA403dBf4c25165B", "A", "B", "0xe0BB0D3DE8c10976511e5030cA403dBf4c25165B", 8, NULL);INSERT INTO assets(identifier,type, started, swapped_for) VALUES("eip155:10/erc20:0xe0BB0D3DE8c10976511e5030cA403dBf4c25165B", "C", NULL, NULL); INSERT INTO common_asset_details(identifier, name, symbol, coingecko, cryptocompare, forked) VALUES("eip155:10/erc20:0xe0BB0D3DE8c10976511e5030cA403dBf4c25165B", "0xBitcoin Token", "0xBTC", "oxbitcoin", "0XBTC", NULL);
INSERT INTO evm_tokens(identifier, token_kind, chain, address, decimals, protocol) VALUES("eip155:10/erc20:0xe3C332a5DcE0e1d9bC2cC72A68437790570C28a4", "A", "B", "0xe3C332a5DcE0e1d9bC2cC72A68437790570C28a4", 18, NULL);INSERT INTO assets(identifier,type, started, swapped_for) VALUES("eip155:10/erc20:0xe3C332a5DcE0e1d9bC2cC72A68437790570C28a4", "C", NULL, NULL); INSERT INTO common_asset_details(identifier, name, symbol, coingecko, cryptocompare, forked) VALUES("eip155:10/erc20:0xe3C332a5DcE0e1d9bC2cC72A68437790570C28a4", "BLOCKv", "VEE", "blockv", "", NULL);
INSERT INTO evm_tokens(identifier, token_kind, chain, address, decimals, protocol) VALUES("eip155:10/erc20:0xE405de8F52ba7559f9df3C368500B6E6ae6Cee49", "A", "B", "0xE405de8F52ba7559f9df3C368500B6E6ae6Cee49", 18, NULL);INSERT INTO assets(identifier,type, started, swapped_for) VALUES("eip155:10/erc20:0xE405de8F52ba7559f9df3C368500B6E6ae6Cee49", "C", NULL, NULL); INSERT INTO common_asset_details(identifier, name, symbol, coingecko, cryptocompare, forked) VALUES("eip155:10/erc20:0xE405de8F52ba7559f9df3C368500B6E6ae6Cee49", "Synth sETH", "sETH", "seth", "ETH", NULL);
INSERT INTO evm_tokens(identifier, token_kind, chain, address, decimals, protocol) VALUES("eip155:137/erc20:0x0000000000000000000000000000000000001010", "A", "E", "0x0000000000000000000000000000000000001010", 18, NULL);INSERT INTO assets(identifier,type, started, swapped_for) VALUES("eip155:137/erc20:0x0000000000000000000000000000000000001010", "C", NULL, NULL); INSERT INTO common_asset_details(identifier, name, symbol, coingecko, cryptocompare, forked) VALUES("eip155:137/erc20:0x0000000000000000000000000000000000001010", "Matic Token", "MATIC", "matic-network", "", NULL);
INSERT INTO evm_tokens(identifier, token_kind, chain, address, decimals, protocol) VALUES("eip155:137/erc20:0x00e5646f60AC6Fb446f621d146B6E1886f002905", "A", "E", "0x00e5646f60AC6Fb446f621d146B6E1886f002905", 18, NULL);INSERT INTO assets(identifier,type, started, swapped_for) VALUES("eip155:137/erc20:0x00e5646f60AC6Fb446f621d146B6E1886f002905", "C", NULL, NULL); INSERT INTO common_asset_details(identifier, name, symbol, coingecko, cryptocompare, forked) VALUES("eip155:137/erc20:0x00e5646f60AC6Fb446f621d146B6E1886f002905", "Rai Reflex Index (PoS)", "RAI", "rai", "RAI", NULL);
INSERT INTO evm_tokens(identifier, token_kind, chain, address, decimals, protocol) VALUES("eip155:137/erc20:0x013F9c3fAc3e2759d7e90AcA4F9540F75194A0d7", "A", "E", "0x013F9c3fAc3e2759d7e90AcA4F9540F75194A0d7", 18, NULL);INSERT INTO assets(identifier,type, started, swapped_for) VALUES("eip155:137/erc20:0x013F9c3fAc3e2759d7e90AcA4F9540F75194A0d7", "C", NULL, NULL); INSERT INTO common_asset_details(identifier, name, symbol, coingecko, cryptocompare, forked) VALUES("eip155:137/erc20:0x013F9c3fAc3e2759d7e90AcA4F9540F75194A0d7", "Neutrino USD", "USDN", "neutrino", "USDN", NULL);
INSERT INTO evm_tokens(identifier, token_kind, chain, address, decimals, protocol) VALUES("eip155:137/erc20:0x03C2F6808502fFD4aB2787aD1A98eC13dbD5718b", "A", "E", "0x03C2F6808502fFD4aB2787aD1A98eC13dbD5718b", 18, NULL);INSERT INTO assets(identifier,type, started, swapped_for) VALUES("eip155:137/erc20:0x03C2F6808502fFD4aB2787aD1A98eC13dbD5718b", "C", NULL, NULL); INSERT INTO common_asset_details(identifier, name, symbol, coingecko, cryptocompare, forked) VALUES("eip155:137/erc20:0x03C2F6808502fFD4aB2787aD1A98eC13dbD5718b", "ClinTex CTI (Wormhole)", "CTI", "clintex-cti", "", NULL);
INSERT INTO evm_tokens(identifier, token_kind, chain, address, decimals, protocol) VALUES("eip155:137/erc20:0x078f358208685046a11C85e8ad32895DED33A249", "A", "E", "0x078f358208685046a11C85e8ad32895DED33A249", 8, NULL);INSERT INTO assets(identifier,type, started, swapped_for) VALUES("eip155:137/erc20:0x078f358208685046a11C85e8ad32895DED33A249", "C", NULL, NULL); INSERT INTO common_asset_details(identifier, name, symbol, coingecko, cryptocompare, forked) VALUES("eip155:137/erc20:0x078f358208685046a11C85e8ad32895DED33A249", "Aave Polygon WBTC", "aPolWBTC", "aave-wbtc", "WBTC", NULL);
INSERT INTO evm_tokens(identifier, token_kind, chain, address, decimals, protocol) VALUES("eip155:137/erc20:0x08158A6b5d4018340387d1A302f882E98a8bC5b4", "A", "E", "0x08158A6b5d4018340387d1A302f882E98a8bC5b4", 18, NULL);INSERT INTO assets(identifier,type, started, swapped_for) VALUES("eip155:137/erc20:0x08158A6b5d4018340387d1A302f882E98a8bC5b4", "C", NULL, NULL); INSERT INTO common_asset_details(identifier, name, symbol, coingecko, cryptocompare, forked) VALUES("eip155:137/erc20:0x08158A6b5d4018340387d1A302f882E98a8bC5b4", "Plasma (PoS)", "PPAY", "plasma-finance", "PPAY", NULL);
INSERT INTO evm_tokens(identifier, token_kind, chain, address, decimals, protocol) VALUES("eip155:137/erc20:0x09C5a4BCA808bD1ba2b8E6B3aAF7442046B4ca5B", "A", "E", "0x09C5a4BCA808bD1ba2b8E6B3aAF7442046B4ca5B", 18, NULL);INSERT INTO assets(identifier,type, started, swapped_for) VALUES("eip155:137/erc20:0x09C5a4BCA808bD1ba2b8E6B3aAF7442046B4ca5B", "C", NULL, NULL); INSERT INTO common_asset_details(identifier, name, symbol, coingecko, cryptocompare, forked) VALUES("eip155:137/erc20:0x09C5a4BCA808bD1ba2b8E6B3aAF7442046B4ca5B", "VesperToken", "VSP", "vesper-finance", "", NULL);
INSERT INTO evm_tokens(identifier, token_kind, chain, address, decimals, protocol) VALUES("eip155:137/erc20:0x0b3F868E0BE5597D5DB7fEB59E1CADBb0fdDa50a", "A", "E", "0x0b3F868E0BE5597D5DB7fEB59E1CADBb0fdDa50a", 18, NULL);INSERT INTO assets(identifier,type, started, swapped_for) VALUES("eip155:137/erc20:0x0b3F868E0BE5597D5DB7fEB59E1CADBb0fdDa50a", "C", NULL, NULL); INSERT INTO common_asset_details(identifier, name, symbol, coingecko, cryptocompare, forked) VALUES("eip155:137/erc20:0x0b3F868E0BE5597D5DB7fEB59E1CADBb0fdDa50a", "SushiToken (PoS)", "SUSHI", "sushi", "", NULL);
INSERT INTO evm_tokens(identifier, token_kind, chain, address, decimals, protocol) VALUES("eip155:137/erc20:0x0B91B07bEb67333225A5bA0259D55AeE10E3A578", "A", "E", "0x0B91B07bEb67333225A5bA0259D55AeE10E3A578", 8, NULL);INSERT INTO assets(identifier,type, started, swapped_for) VALUES("eip155:137/erc20:0x0B91B07bEb67333225A5bA0259D55AeE10E3A578", "C", NULL, NULL); INSERT INTO common_asset_details(identifier, name, symbol, coingecko, cryptocompare, forked) VALUES("eip155:137/erc20:0x0B91B07bEb67333225A5bA0259D55AeE10E3A578", "Minereum Polygon", "MNEP", "minereum", "", NULL);
INSERT INTO evm_tokens(identifier, token_kind, chain, address, decimals, protocol) VALUES("eip155:137/erc20:0x0D6ae2a429df13e44A07Cd2969E085e4833f64A0", "A", "E", "0x0D6ae2a429df13e44A07Cd2969E085e4833f64A0", 18, NULL);INSERT INTO assets(identifier,type, started, swapped_for) VALUES("eip155:137/erc20:0x0D6ae2a429df13e44A07Cd2969E085e4833f64A0", "C", NULL, NULL); INSERT INTO common_asset_details(identifier, name, symbol, coingecko, cryptocompare, forked) VALUES("eip155:137/erc20:0x0D6ae2a429df13e44A07Cd2969E085e4833f64A0", "PolkaBridge", "PBR", "polkabridge", "PBR", NULL);
INSERT INTO evm_tokens(identifier, token_kind, chain, address, decimals, protocol) VALUES("eip155:137/erc20:0x0df0f72EE0e5c9B7ca761ECec42754992B2Da5BF", "A", "E", "0x0df0f72EE0e5c9B7ca761ECec42754992B2Da5BF", 18, NULL);INSERT INTO assets(identifier,type, started, swapped_for) VALUES("eip155:137/erc20:0x0df0f72EE0e5c9B7ca761ECec42754992B2Da5BF", "C", NULL, NULL); INSERT INTO common_asset_details(identifier, name, symbol, coingecko, cryptocompare, forked) VALUES("eip155:137/erc20:0x0df0f72EE0e5c9B7ca761ECec42754992B2Da5BF", "Automata (PoS)", "ATA", "automata", "ATA", NULL);
INSERT INTO evm_tokens(identifier, token_kind, chain, address, decimals, protocol) VALUES("eip155:137/erc20:0x101A023270368c0D50BFfb62780F4aFd4ea79C35", "A", "E", "0x101A023270368c0D50BFfb62780F4aFd4ea79C35", 18, NULL);INSERT INTO assets(identifier,type, started, swapped_for) VALUES("eip155:137/erc20:0x101A023270368c0D50BFfb62780F4aFd4ea79C35", "C", NULL, NULL); INSERT INTO common_asset_details(identifier, name, symbol, coingecko, cryptocompare, forked) VALUES("eip155:137/erc20:0x101A023270368c0D50BFfb62780F4aFd4ea79C35", "Ankr (PoS)", "ANKR", "ankr", "", NULL);
INSERT INTO evm_tokens(identifier, token_kind, chain, address, decimals, protocol) VALUES("eip155:137/erc20:0x1379E8886A944d2D9d440b3d88DF536Aea08d9F3", "A", "E", "0x1379E8886A944d2D9d440b3d88DF536Aea08d9F3", 18, NULL);INSERT INTO assets(identifier,type, started, swapped_for) VALUES("eip155:137/erc20:0x1379E8886A944d2D9d440b3d88DF536Aea08d9F3", "C", NULL, NULL); INSERT INTO common_asset_details(identifier, name, symbol, coingecko, cryptocompare, forked) VALUES("eip155:137/erc20:0x1379E8886A944d2D9d440b3d88DF536Aea08d9F3", "Mysterium (PoS)", "MYST", "mysterium", "", NULL);
INSERT INTO evm_tokens(identifier, token_kind, chain, address, decimals, protocol) VALUES("eip155:137/erc20:0x15b7c0c907e4C6b9AdaAaabC300C08991D6CEA05", "A", "E", "0x15b7c0c907e4C6b9AdaAaabC300C08991D6CEA05", 18, NULL);INSERT INTO assets(identifier,type, started, swapped_for) VALUES("eip155:137/erc20:0x15b7c0c907e4C6b9AdaAaabC300C08991D6CEA05", "C", NULL, NULL); INSERT INTO common_asset_details(identifier, name, symbol, coingecko, cryptocompare, forked) VALUES("eip155:137/erc20:0x15b7c0c907e4C6b9AdaAaabC300C08991D6CEA05", "Gelato Network Token", "GEL", "gelato", "", NULL);
INSERT INTO evm_tokens(identifier, token_kind, chain, address, decimals, protocol) VALUES("eip155:137/erc20:0x1631244689EC1fEcbDD22fb5916E920dFC9b8D30", "A", "E", "0x1631244689EC1fEcbDD22fb5916E920dFC9b8D30", 18, NULL);INSERT INTO assets(identifier,type, started, swapped_for) VALUES("eip155:137/erc20:0x1631244689EC1fEcbDD22fb5916E920dFC9b8D30", "C", NULL, NULL); INSERT INTO common_asset_details(identifier, name, symbol, coingecko, cryptocompare, forked) VALUES("eip155:137/erc20:0x1631244689EC1fEcbDD22fb5916E920dFC9b8D30", "OVR", "OVR", "ovr", "OVR", NULL);
INSERT INTO evm_tokens(identifier, token_kind, chain, address, decimals, protocol) VALUES("eip155:137/erc20:0x16ECCfDbb4eE1A85A33f3A9B21175Cd7Ae753dB4", "A", "E", "0x16ECCfDbb4eE1A85A33f3A9B21175Cd7Ae753dB4", 18, NULL);INSERT INTO assets(identifier,type, started, swapped_for) VALUES("eip155:137/erc20:0x16ECCfDbb4eE1A85A33f3A9B21175Cd7Ae753dB4", "C", NULL, NULL); INSERT INTO common_asset_details(identifier, name, symbol, coingecko, cryptocompare, forked) VALUES("eip155:137/erc20:0x16ECCfDbb4eE1A85A33f3A9B21175Cd7Ae753dB4", "Route", "ROUTE", "route", "ROUTE", NULL);
INSERT INTO evm_tokens(identifier, token_kind, chain, address, decimals, protocol) VALUES("eip155:137/erc20:0x172370d5Cd63279eFa6d502DAB29171933a610AF", "A", "E", "0x172370d5Cd63279eFa6d502DAB29171933a610AF", 18, NULL);INSERT INTO assets(identifier,type, started, swapped_for) VALUES("eip155:137/erc20:0x172370d5Cd63279eFa6d502DAB29171933a610AF", "C", NULL, NULL); INSERT INTO common_asset_details(identifier, name, symbol, coingecko, cryptocompare, forked) VALUES("eip155:137/erc20:0x172370d5Cd63279eFa6d502DAB29171933a610AF", "CRV (PoS)", "CRV", "curve-dao-token", "", NULL);
INSERT INTO evm_tokens(identifier, token_kind, chain, address, decimals, protocol) VALUES("eip155:137/erc20:0x1796ae0b0fa4862485106a0de9b654eFE301D0b2", "A", "E", "0x1796ae0b0fa4862485106a0de9b654eFE301D0b2", 18, NULL);INSERT INTO assets(identifier,type, started, swapped_for) VALUES("eip155:137/erc20:0x1796ae0b0fa4862485106a0de9b654eFE301D0b2", "C", NULL, NULL); INSERT INTO common_asset_details(identifier, name, symbol, coingecko, cryptocompare, forked) VALUES("eip155:137/erc20:0x1796ae0b0fa4862485106a0de9b654eFE301D0b2", "Polychain Monsters", "PMON", "polychain-monsters", "PMON", NULL);
INSERT INTO evm_tokens(identifier, token_kind, chain, address, decimals, protocol) VALUES("eip155:137/erc20:0x187Ae45f2D361CbCE37c6A8622119c91148F261b", "A", "E", "0x187Ae45f2D361CbCE37c6A8622119c91148F261b", 18, NULL);INSERT INTO assets(identifier,type, started, swapped_for) VALUES("eip155:137/erc20:0x187Ae45f2D361CbCE37c6A8622119c91148F261b", "C", NULL, NULL); INSERT INTO common_asset_details(identifier, name, symbol, coingecko, cryptocompare, forked) VALUES("eip155:137/erc20:0x187Ae45f2D361CbCE37c6A8622119c91148F261b", "Polylastic", "POLX", "polylastic", "POLX", NULL);
INSERT INTO evm_tokens(identifier, token_kind, chain, address, decimals, protocol) VALUES("eip155:137/erc20:0x191c10Aa4AF7C30e871E70C95dB0E4eb77237530", "A", "E", "0x191c10Aa4AF7C30e871E70C95dB0E4eb77237530", 18, NULL);INSERT INTO assets(identifier,type, started, swapped_for) VALUES("eip155:137/erc20:0x191c10Aa4AF7C30e871E70C95dB0E4eb77237530", "C", NULL, NULL); INSERT INTO common_asset_details(identifier, name, symbol, coingecko, cryptocompare, forked) VALUES("eip155:137/erc20:0x191c10Aa4AF7C30e871E70C95dB0E4eb77237530", "Aave Polygon LINK", "aPolLINK", "aave-link", "LINK", NULL);
INSERT INTO evm_tokens(identifier, token_kind, chain, address, decimals, protocol) VALUES("eip155:137/erc20:0x1a3acf6D19267E2d3e7f898f42803e90C9219062", "A", "E", "0x1a3acf6D19267E2d3e7f898f42803e90C9219062", 18, NULL);INSERT INTO assets(identifier,type, started, swapped_for) VALUES("eip155:137/erc20:0x1a3acf6D19267E2d3e7f898f42803e90C9219062", "C", NULL, NULL); INSERT INTO common_asset_details(identifier, name, symbol, coingecko, cryptocompare, forked) VALUES("eip155:137/erc20:0x1a3acf6D19267E2d3e7f898f42803e90C9219062", "Frax Share", "FXS", "frax-share", "", NULL);
INSERT INTO evm_tokens(identifier, token_kind, chain, address, decimals, protocol) VALUES("eip155:137/erc20:0x1B815d120B3eF02039Ee11dC2d33DE7aA4a8C603", "A", "E", "0x1B815d120B3eF02039Ee11dC2d33DE7aA4a8C603", 18, NULL);INSERT INTO assets(identifier,type, started, swapped_for) VALUES("eip155:137/erc20:0x1B815d120B3eF02039Ee11dC2d33DE7aA4a8C603", "C", NULL, NULL); INSERT INTO common_asset_details(identifier, name, symbol, coingecko, cryptocompare, forked) VALUES("eip155:137/erc20:0x1B815d120B3eF02039Ee11dC2d33DE7aA4a8C603", "Wootrade Network", "WOO", "woo-network", "", NULL);
INSERT INTO evm_tokens(identifier, token_kind, chain, address, decimals, protocol) VALUES("eip155:137/erc20:0x1BA17C639BdaeCd8DC4AAc37df062d17ee43a1b8", "A", "E", "0x1BA17C639BdaeCd8DC4AAc37df062d17ee43a1b8", 18, NULL);INSERT INTO assets(identifier,type, started, swapped_for) VALUES("eip155:137/erc20:0x1BA17C639BdaeCd8DC4AAc37df062d17ee43a1b8", "C", NULL, NULL); INSERT INTO common_asset_details(identifier, name, symbol, coingecko, cryptocompare, forked) VALUES("eip155:137/erc20:0x1BA17C639BdaeCd8DC4AAc37df062d17ee43a1b8", "Wrapped Ixs Token", "WIXS", "ix-swap", "", NULL);
INSERT INTO evm_tokens(identifier, token_kind, chain, address, decimals, protocol) VALUES("eip155:137/erc20:0x1BFD67037B42Cf73acF2047067bd4F2C47D9BfD6", "A", "E", "0x1BFD67037B42Cf73acF2047067bd4F2C47D9BfD6", 8, NULL);INSERT INTO assets(identifier,type, started, swapped_for) VALUES("eip155:137/erc20:0x1BFD67037B42Cf73acF2047067bd4F2C47D9BfD6", "C", NULL, NULL); INSERT INTO common_asset_details(identifier, name, symbol, coingecko, cryptocompare, forked) VALUES("eip155:137/erc20:0x1BFD67037B42Cf73acF2047067bd4F2C47D9BfD6", "(PoS) Wrapped BTC", "WBTC", "wrapped-bitcoin", "", NULL);
INSERT INTO evm_tokens(identifier, token_kind, chain, address, decimals, protocol) VALUES("eip155:137/erc20:0x21CE5251d47AA72d2d1dc849b1Bcce14d2467D1b", "A", "E", "0x21CE5251d47AA72d2d1dc849b1Bcce14d2467D1b", 18, NULL);INSERT INTO assets(identifier,type, started, swapped_for) VALUES("eip155:137/erc20:0x21CE5251d47AA72d2d1dc849b1Bcce14d2467D1b", "C", NULL, NULL); INSERT INTO common_asset_details(identifier, name, symbol, coingecko, cryptocompare, forked) VALUES("eip155:137/erc20:0x21CE5251d47AA72d2d1dc849b1Bcce14d2467D1b", "UNIC", "UNIC", "unicly", "UNIC", NULL);
INSERT INTO evm_tokens(identifier, token_kind, chain, address, decimals, protocol) VALUES("eip155:137/erc20:0x221743dc9E954bE4f86844649Bf19B43D6F8366d", "A", "E", "0x221743dc9E954bE4f86844649Bf19B43D6F8366d", 18, NULL);INSERT INTO assets(identifier,type, started, swapped_for) VALUES("eip155:137/erc20:0x221743dc9E954bE4f86844649Bf19B43D6F8366d", "C", NULL, NULL); INSERT INTO common_asset_details(identifier, name, symbol, coingecko, cryptocompare, forked) VALUES("eip155:137/erc20:0x221743dc9E954bE4f86844649Bf19B43D6F8366d", "OBORTECH", "OBOT", "obortech", "", NULL);
INSERT INTO evm_tokens(identifier, token_kind, chain, address, decimals, protocol) VALUES("eip155:137/erc20:0x229b1b6C23ff8953D663C4cBB519717e323a0a84", "A", "E", "0x229b1b6C23ff8953D663C4cBB519717e323a0a84", 18, NULL);INSERT INTO assets(identifier,type, started, swapped_for) VALUES("eip155:137/erc20:0x229b1b6C23ff8953D663C4cBB519717e323a0a84", "C", NULL, NULL); INSERT INTO common_asset_details(identifier, name, symbol, coingecko, cryptocompare, forked) VALUES("eip155:137/erc20:0x229b1b6C23ff8953D663C4cBB519717e323a0a84", "BLOK", "BLOK", "bloktopia", "BLOK", NULL);
INSERT INTO evm_tokens(identifier, token_kind, chain, address, decimals, protocol) VALUES("eip155:137/erc20:0x22e3f02f86Bc8eA0D73718A2AE8851854e62adc5", "A", "E", "0x22e3f02f86Bc8eA0D73718A2AE8851854e62adc5", 18, NULL);INSERT INTO assets(identifier,type, started, swapped_for) VALUES("eip155:137/erc20:0x22e3f02f86Bc8eA0D73718A2AE8851854e62adc5", "C", NULL, NULL); INSERT INTO common_asset_details(identifier, name, symbol, coingecko, cryptocompare, forked) VALUES("eip155:137/erc20:0x22e3f02f86Bc8eA0D73718A2AE8851854e62adc5", "FireStarter", "FLAME", "firestarter", "FLAME", NULL);
INSERT INTO evm_tokens(identifier, token_kind, chain, address, decimals, protocol) VALUES("eip155:137/erc20:0x23001f892c0C82b79303EDC9B9033cD190BB21c7", "A", "E", "0x23001f892c0C82b79303EDC9B9033cD190BB21c7", 18, NULL);INSERT INTO assets(identifier,type, started, swapped_for) VALUES("eip155:137/erc20:0x23001f892c0C82b79303EDC9B9033cD190BB21c7", "C", NULL, NULL); INSERT INTO common_asset_details(identifier, name, symbol, coingecko, cryptocompare, forked) VALUES("eip155:137/erc20:0x23001f892c0C82b79303EDC9B9033cD190BB21c7", "LUSD Stablecoin (PoS)", "LUSD", "liquity-usd", "LUSD", NULL);
INSERT INTO evm_tokens(identifier, token_kind, chain, address, decimals, protocol) VALUES("eip155:137/erc20:0x23D29D30e35C5e8D321e1dc9A8a61BFD846D4C5C", "A", "E", "0x23D29D30e35C5e8D321e1dc9A8a61BFD846D4C5C", 8, NULL);INSERT INTO assets(identifier,type, started, swapped_for) VALUES("eip155:137/erc20:0x23D29D30e35C5e8D321e1dc9A8a61BFD846D4C5C", "C", NULL, NULL); INSERT INTO common_asset_details(identifier, name, symbol, coingecko, cryptocompare, forked) VALUES("eip155:137/erc20:0x23D29D30e35C5e8D321e1dc9A8a61BFD846D4C5C", "HEX", "HEX", "hex", "", NULL);
INSERT INTO evm_tokens(identifier, token_kind, chain, address, decimals, protocol) VALUES("eip155:137/erc20:0x24834BBEc7E39ef42f4a75EAF8E5B6486d3F0e57", "A", "E", "0x24834BBEc7E39ef42f4a75EAF8E5B6486d3F0e57", 18, NULL);INSERT INTO assets(identifier,type, started, swapped_for) VALUES("eip155:137/erc20:0x24834BBEc7E39ef42f4a75EAF8E5B6486d3F0e57", "C", NULL, NULL); INSERT INTO common_asset_details(identifier, name, symbol, coingecko, cryptocompare, forked) VALUES("eip155:137/erc20:0x24834BBEc7E39ef42f4a75EAF8E5B6486d3F0e57", "Wrapped LUNA Token (PoS)", "LUNA", "wrapped-terra", "WLUNA", NULL);
INSERT INTO evm_tokens(identifier, token_kind, chain, address, decimals, protocol) VALUES("eip155:137/erc20:0x25788a1a171ec66Da6502f9975a15B609fF54CF6", "A", "E", "0x25788a1a171ec66Da6502f9975a15B609fF54CF6", 18, NULL);INSERT INTO assets(identifier,type, started, swapped_for) VALUES("eip155:137/erc20:0x25788a1a171ec66Da6502f9975a15B609fF54CF6", "C", NULL, NULL); INSERT INTO common_asset_details(identifier, name, symbol, coingecko, cryptocompare, forked) VALUES("eip155:137/erc20:0x25788a1a171ec66Da6502f9975a15B609fF54CF6", "PoolTogether", "POOL", "pooltogether", "POOL", NULL);
INSERT INTO evm_tokens(identifier, token_kind, chain, address, decimals, protocol) VALUES("eip155:137/erc20:0x2727Ab1c2D22170ABc9b595177B2D5C6E1Ab7B7B", "A", "E", "0x2727Ab1c2D22170ABc9b595177B2D5C6E1Ab7B7B", 18, NULL);INSERT INTO assets(identifier,type, started, swapped_for) VALUES("eip155:137/erc20:0x2727Ab1c2D22170ABc9b595177B2D5C6E1Ab7B7B", "C", NULL, NULL); INSERT INTO common_asset_details(identifier, name, symbol, coingecko, cryptocompare, forked) VALUES("eip155:137/erc20:0x2727Ab1c2D22170ABc9b595177B2D5C6E1Ab7B7B", "Cartesi Token (PoS)", "CTSI", "cartesi", "", NULL);
INSERT INTO evm_tokens(identifier, token_kind, chain, address, decimals, protocol) VALUES("eip155:137/erc20:0x2791Bca1f2de4661ED88A30C99A7a9449Aa84174", "A", "E", "0x2791Bca1f2de4661ED88A30C99A7a9449Aa84174", 6, NULL);INSERT INTO assets(identifier,type, started, swapped_for) VALUES("eip155:137/erc20:0x2791Bca1f2de4661ED88A30C99A7a9449Aa84174", "C", NULL, NULL); INSERT INTO common_asset_details(identifier, name, symbol, coingecko, cryptocompare, forked) VALUES("eip155:137/erc20:0x2791Bca1f2de4661ED88A30C99A7a9449Aa84174", "USD Coin (PoS)", "USDC", "usd-coin", "", NULL);
INSERT INTO evm_tokens(identifier, token_kind, chain, address, decimals, protocol) VALUES("eip155:137/erc20:0x2Ab4f9aC80F33071211729e45Cfc346C1f8446d5", "A", "E", "0x2Ab4f9aC80F33071211729e45Cfc346C1f8446d5", 18, NULL);INSERT INTO assets(identifier,type, started, swapped_for) VALUES("eip155:137/erc20:0x2Ab4f9aC80F33071211729e45Cfc346C1f8446d5", "C", NULL, NULL); INSERT INTO common_asset_details(identifier, name, symbol, coingecko, cryptocompare, forked) VALUES("eip155:137/erc20:0x2Ab4f9aC80F33071211729e45Cfc346C1f8446d5", "ChainGuardians Governance Token (PoS)", "CGG", "chain-guardians", "CGG", NULL);
INSERT INTO evm_tokens(identifier, token_kind, chain, address, decimals, protocol) VALUES("eip155:137/erc20:0x2b88aD57897A8b496595925F43048301C37615Da", "A", "E", "0x2b88aD57897A8b496595925F43048301C37615Da", 18, NULL);INSERT INTO assets(identifier,type, started, swapped_for) VALUES("eip155:137/erc20:0x2b88aD57897A8b496595925F43048301C37615Da", "C", NULL, NULL); INSERT INTO common_asset_details(identifier, name, symbol, coingecko, cryptocompare, forked) VALUES("eip155:137/erc20:0x2b88aD57897A8b496595925F43048301C37615Da", "PickleToken (PoS)", "PICKLE", "pickle-finance", "", NULL);
INSERT INTO evm_tokens(identifier, token_kind, chain, address, decimals, protocol) VALUES("eip155:137/erc20:0x2B9E7ccDF0F4e5B24757c1E1a80e311E34Cb10c7", "A", "E", "0x2B9E7ccDF0F4e5B24757c1E1a80e311E34Cb10c7", 18, NULL);INSERT INTO assets(identifier,type, started, swapped_for) VALUES("eip155:137/erc20:0x2B9E7ccDF0F4e5B24757c1E1a80e311E34Cb10c7", "C", NULL, NULL); INSERT INTO common_asset_details(identifier, name, symbol, coingecko, cryptocompare, forked) VALUES("eip155:137/erc20:0x2B9E7ccDF0F4e5B24757c1E1a80e311E34Cb10c7", "Mask Network", "MASK", "mask-network", "", NULL);
INSERT INTO evm_tokens(identifier, token_kind, chain, address, decimals, protocol) VALUES("eip155:137/erc20:0x2bC07124D8dAc638E290f401046Ad584546BC47b", "A", "E", "0x2bC07124D8dAc638E290f401046Ad584546BC47b", 18, NULL);INSERT INTO assets(identifier,type, started, swapped_for) VALUES("eip155:137/erc20:0x2bC07124D8dAc638E290f401046Ad584546BC47b", "C", NULL, NULL); INSERT INTO common_asset_details(identifier, name, symbol, coingecko, cryptocompare, forked) VALUES("eip155:137/erc20:0x2bC07124D8dAc638E290f401046Ad584546BC47b", "TOWER", "TOWER", "tower", "TOWER", NULL);
INSERT INTO evm_tokens(identifier, token_kind, chain, address, decimals, protocol) VALUES("eip155:137/erc20:0x2bF9b864cdc97b08B6D79ad4663e71B8aB65c45c", "A", "E", "0x2bF9b864cdc97b08B6D79ad4663e71B8aB65c45c", 18, NULL);INSERT INTO assets(identifier,type, started, swapped_for) VALUES("eip155:137/erc20:0x2bF9b864cdc97b08B6D79ad4663e71B8aB65c45c", "C", NULL, NULL); INSERT INTO common_asset_details(identifier, name, symbol, coingecko, cryptocompare, forked) VALUES("eip155:137/erc20:0x2bF9b864cdc97b08B6D79ad4663e71B8aB65c45c", "Fusion", "FSN", "fsn", "", NULL);
INSERT INTO evm_tokens(identifier, token_kind, chain, address, decimals, protocol) VALUES("eip155:137/erc20:0x2C89bbc92BD86F8075d1DEcc58C7F4E0107f286b", "A", "E", "0x2C89bbc92BD86F8075d1DEcc58C7F4E0107f286b", 18, NULL);INSERT INTO assets(identifier,type, started, swapped_for) VALUES("eip155:137/erc20:0x2C89bbc92BD86F8075d1DEcc58C7F4E0107f286b", "C", NULL, NULL); INSERT INTO common_asset_details(identifier, name, symbol, coingecko, cryptocompare, forked) VALUES("eip155:137/erc20:0x2C89bbc92BD86F8075d1DEcc58C7F4E0107f286b", "Avalanche Token", "AVAX", "avalanche-2", "", NULL);
INSERT INTO evm_tokens(identifier, token_kind, chain, address, decimals, protocol) VALUES("eip155:137/erc20:0x2e1AD108fF1D8C782fcBbB89AAd783aC49586756", "A", "E", "0x2e1AD108fF1D8C782fcBbB89AAd783aC49586756", 18, NULL);INSERT INTO assets(identifier,type, started, swapped_for) VALUES("eip155:137/erc20:0x2e1AD108fF1D8C782fcBbB89AAd783aC49586756", "C", NULL, NULL); INSERT INTO common_asset_details(identifier, name, symbol, coingecko, cryptocompare, forked) VALUES("eip155:137/erc20:0x2e1AD108fF1D8C782fcBbB89AAd783aC49586756", "TrueUSD", "TUSD", "true-usd", "", NULL);
INSERT INTO evm_tokens(identifier, token_kind, chain, address, decimals, protocol) VALUES("eip155:137/erc20:0x2F6F07CDcf3588944Bf4C42aC74ff24bF56e7590", "A", "E", "0x2F6F07CDcf3588944Bf4C42aC74ff24bF56e7590", 18, NULL);INSERT INTO assets(identifier,type, started, swapped_for) VALUES("eip155:137/erc20:0x2F6F07CDcf3588944Bf4C42aC74ff24bF56e7590", "C", NULL, NULL); INSERT INTO common_asset_details(identifier, name, symbol, coingecko, cryptocompare, forked) VALUES("eip155:137/erc20:0x2F6F07CDcf3588944Bf4C42aC74ff24bF56e7590", "StargateToken", "STG", "stargate-finance", "STG", NULL);
INSERT INTO evm_tokens(identifier, token_kind, chain, address, decimals, protocol) VALUES("eip155:137/erc20:0x2fe8733dcb25BFbbA79292294347415417510067", "A", "E", "0x2fe8733dcb25BFbbA79292294347415417510067", 18, NULL);INSERT INTO assets(identifier,type, started, swapped_for) VALUES("eip155:137/erc20:0x2fe8733dcb25BFbbA79292294347415417510067", "C", NULL, NULL); INSERT INTO common_asset_details(identifier, name, symbol, coingecko, cryptocompare, forked) VALUES("eip155:137/erc20:0x2fe8733dcb25BFbbA79292294347415417510067", "Exeedme (PoS)", "XED", "exeedme", "", NULL);
INSERT INTO evm_tokens(identifier, token_kind, chain, address, decimals, protocol) VALUES("eip155:137/erc20:0x31042A4E66eDa0d12143ffc8cC1552D611dA4cbA", "A", "E", "0x31042A4E66eDa0d12143ffc8cC1552D611dA4cbA", 18, NULL);INSERT INTO assets(identifier,type, started, swapped_for) VALUES("eip155:137/erc20:0x31042A4E66eDa0d12143ffc8cC1552D611dA4cbA", "C", NULL, NULL); INSERT INTO common_asset_details(identifier, name, symbol, coingecko, cryptocompare, forked) VALUES("eip155:137/erc20:0x31042A4E66eDa0d12143ffc8cC1552D611dA4cbA", "Morpheus Infrastructure Token (PoS)", "MITx", "morpheus-labs", "", NULL);
INSERT INTO evm_tokens(identifier, token_kind, chain, address, decimals, protocol) VALUES("eip155:137/erc20:0x31a0D1A199631D244761EEba67e8501296d2E383", "A", "E", "0x31a0D1A199631D244761EEba67e8501296d2E383", 8, NULL);INSERT INTO assets(identifier,type, started, swapped_for) VALUES("eip155:137/erc20:0x31a0D1A199631D244761EEba67e8501296d2E383", "C", NULL, NULL); INSERT INTO common_asset_details(identifier, name, symbol, coingecko, cryptocompare, forked) VALUES("eip155:137/erc20:0x31a0D1A199631D244761EEba67e8501296d2E383", "renZEC", "renZEC", "renzec", "", NULL);
INSERT INTO evm_tokens(identifier, token_kind, chain, address, decimals, protocol) VALUES("eip155:137/erc20:0x34C1b299A74588D6Abdc1b85A53345A48428a521", "A", "E", "0x34C1b299A74588D6Abdc1b85A53345A48428a521", 18, NULL);INSERT INTO assets(identifier,type, started, swapped_for) VALUES("eip155:137/erc20:0x34C1b299A74588D6Abdc1b85A53345A48428a521", "C", NULL, NULL); INSERT INTO common_asset_details(identifier, name, symbol, coingecko, cryptocompare, forked) VALUES("eip155:137/erc20:0x34C1b299A74588D6Abdc1b85A53345A48428a521", "EASY V2", "EZ", "easyfi", "", NULL);
INSERT INTO evm_tokens(identifier, token_kind, chain, address, decimals, protocol) VALUES("eip155:137/erc20:0x361A5a4993493cE00f61C32d4EcCA5512b82CE90", "A", "E", "0x361A5a4993493cE00f61C32d4EcCA5512b82CE90", 18, NULL);INSERT INTO assets(identifier,type, started, swapped_for) VALUES("eip155:137/erc20:0x361A5a4993493cE00f61C32d4EcCA5512b82CE90", "C", NULL, NULL); INSERT INTO common_asset_details(identifier, name, symbol, coingecko, cryptocompare, forked) VALUES("eip155:137/erc20:0x361A5a4993493cE00f61C32d4EcCA5512b82CE90", "Stake DAO Token (PoS)", "SDT", "stake-dao", "", NULL);
INSERT INTO evm_tokens(identifier, token_kind, chain, address, decimals, protocol) VALUES("eip155:137/erc20:0x3809dcDd5dDe24B37AbE64A5a339784c3323c44F", "A", "E", "0x3809dcDd5dDe24B37AbE64A5a339784c3323c44F", 18, NULL);INSERT INTO assets(identifier,type, started, swapped_for) VALUES("eip155:137/erc20:0x3809dcDd5dDe24B37AbE64A5a339784c3323c44F", "C", NULL, NULL); INSERT INTO common_asset_details(identifier, name, symbol, coingecko, cryptocompare, forked) VALUES("eip155:137/erc20:0x3809dcDd5dDe24B37AbE64A5a339784c3323c44F", "TrustSwap Token (PoS)", "SWAP", "trustswap", "", NULL);
INSERT INTO evm_tokens(identifier, token_kind, chain, address, decimals, protocol) VALUES("eip155:137/erc20:0x385Eeac5cB85A38A9a07A70c73e0a3271CfB54A7", "A", "E", "0x385Eeac5cB85A38A9a07A70c73e0a3271CfB54A7", 18, NULL);INSERT INTO assets(identifier,type, started, swapped_for) VALUES("eip155:137/erc20:0x385Eeac5cB85A38A9a07A70c73e0a3271CfB54A7", "C", NULL, NULL); INSERT INTO common_asset_details(identifier, name, symbol, coingecko, cryptocompare, forked) VALUES("eip155:137/erc20:0x385Eeac5cB85A38A9a07A70c73e0a3271CfB54A7", "Aavegotchi GHST Token (PoS)", "GHST", "aavegotchi", "", NULL);
INSERT INTO evm_tokens(identifier, token_kind, chain, address, decimals, protocol) VALUES("eip155:137/erc20:0x3a9A81d576d83FF21f26f325066054540720fC34", "A", "E", "0x3a9A81d576d83FF21f26f325066054540720fC34", 18, NULL);INSERT INTO assets(identifier,type, started, swapped_for) VALUES("eip155:137/erc20:0x3a9A81d576d83FF21f26f325066054540720fC34", "C", NULL, NULL); INSERT INTO common_asset_details(identifier, name, symbol, coingecko, cryptocompare, forked) VALUES("eip155:137/erc20:0x3a9A81d576d83FF21f26f325066054540720fC34", "Streamr", "DATA", "streamr", "DATA", NULL);
INSERT INTO evm_tokens(identifier, token_kind, chain, address, decimals, protocol) VALUES("eip155:137/erc20:0x3Cef98bb43d732E2F285eE605a8158cDE967D219", "A", "E", "0x3Cef98bb43d732E2F285eE605a8158cDE967D219", 18, NULL);INSERT INTO assets(identifier,type, started, swapped_for) VALUES("eip155:137/erc20:0x3Cef98bb43d732E2F285eE605a8158cDE967D219", "C", NULL, NULL); INSERT INTO common_asset_details(identifier, name, symbol, coingecko, cryptocompare, forked) VALUES("eip155:137/erc20:0x3Cef98bb43d732E2F285eE605a8158cDE967D219", "BAT", "BAT", "basic-attention-token", "", NULL);
INSERT INTO evm_tokens(identifier, token_kind, chain, address, decimals, protocol) VALUES("eip155:137/erc20:0x42d61D766B85431666B39B89C43011f24451bFf6", "A", "E", "0x42d61D766B85431666B39B89C43011f24451bFf6", 18, NULL);INSERT INTO assets(identifier,type, started, swapped_for) VALUES("eip155:137/erc20:0x42d61D766B85431666B39B89C43011f24451bFf6", "C", NULL, NULL); INSERT INTO common_asset_details(identifier, name, symbol, coingecko, cryptocompare, forked) VALUES("eip155:137/erc20:0x42d61D766B85431666B39B89C43011f24451bFf6", "ParaSwap (PoS)", "PSP", "paraswap", "PSP", NULL);
INSERT INTO evm_tokens(identifier, token_kind, chain, address, decimals, protocol) VALUES("eip155:137/erc20:0x42F6bdCfd82547e89F1069Bf375aa60e6c6c063d", "A", "E", "0x42F6bdCfd82547e89F1069Bf375aa60e6c6c063d", 18, NULL);INSERT INTO assets(identifier,type, started, swapped_for) VALUES("eip155:137/erc20:0x42F6bdCfd82547e89F1069Bf375aa60e6c6c063d", "C", NULL, NULL); INSERT INTO common_asset_details(identifier, name, symbol, coingecko, cryptocompare, forked) VALUES("eip155:137/erc20:0x42F6bdCfd82547e89F1069Bf375aa60e6c6c063d", "Civilization (PoS)", "CIV", "civilization", "CIV", NULL);
INSERT INTO evm_tokens(identifier, token_kind, chain, address, decimals, protocol) VALUES("eip155:137/erc20:0x430EF9263E76DAE63c84292C3409D61c598E9682", "A", "E", "0x430EF9263E76DAE63c84292C3409D61c598E9682", 18, NULL);INSERT INTO assets(identifier,type, started, swapped_for) VALUES("eip155:137/erc20:0x430EF9263E76DAE63c84292C3409D61c598E9682", "C", NULL, NULL); INSERT INTO common_asset_details(identifier, name, symbol, coingecko, cryptocompare, forked) VALUES("eip155:137/erc20:0x430EF9263E76DAE63c84292C3409D61c598E9682", "PYR Token", "PYR", "vulcan-forged", "PYR", NULL);
INSERT INTO evm_tokens(identifier, token_kind, chain, address, decimals, protocol) VALUES("eip155:137/erc20:0x43Df9c0a1156c96cEa98737b511ac89D0e2A1F46", "A", "E", "0x43Df9c0a1156c96cEa98737b511ac89D0e2A1F46", 18, NULL);INSERT INTO assets(identifier,type, started, swapped_for) VALUES("eip155:137/erc20:0x43Df9c0a1156c96cEa98737b511ac89D0e2A1F46", "C", NULL, NULL); INSERT INTO common_asset_details(identifier, name, symbol, coingecko, cryptocompare, forked) VALUES("eip155:137/erc20:0x43Df9c0a1156c96cEa98737b511ac89D0e2A1F46", "GOVI (PoS)", "GOVI", "govi", "GOVI", NULL);
INSERT INTO evm_tokens(identifier, token_kind, chain, address, decimals, protocol) VALUES("eip155:137/erc20:0x4597c8A59Ab28B36840B82B3A674994A279593D0", "A", "E", "0x4597c8A59Ab28B36840B82B3A674994A279593D0", 8, NULL);INSERT INTO assets(identifier,type, started, swapped_for) VALUES("eip155:137/erc20:0x4597c8A59Ab28B36840B82B3A674994A279593D0", "C", NULL, NULL); INSERT INTO common_asset_details(identifier, name, symbol, coingecko, cryptocompare, forked) VALUES("eip155:137/erc20:0x4597c8A59Ab28B36840B82B3A674994A279593D0", "Circuits of Value V2", "COVAL", "circuits-of-value", "", NULL);
INSERT INTO evm_tokens(identifier, token_kind, chain, address, decimals, protocol) VALUES("eip155:137/erc20:0x45c32fA6DF82ead1e2EF74d17b76547EDdFaFF89", "A", "E", "0x45c32fA6DF82ead1e2EF74d17b76547EDdFaFF89", 18, NULL);INSERT INTO assets(identifier,type, started, swapped_for) VALUES("eip155:137/erc20:0x45c32fA6DF82ead1e2EF74d17b76547EDdFaFF89", "C", NULL, NULL); INSERT INTO common_asset_details(identifier, name, symbol, coingecko, cryptocompare, forked) VALUES("eip155:137/erc20:0x45c32fA6DF82ead1e2EF74d17b76547EDdFaFF89", "Frax", "FRAX", "frax", "FRAX", NULL);
INSERT INTO evm_tokens(identifier, token_kind, chain, address, decimals, protocol) VALUES("eip155:137/erc20:0x46F48FbdedAa6F5500993BEDE9539ef85F4BeE8e", "A", "E", "0x46F48FbdedAa6F5500993BEDE9539ef85F4BeE8e", 18, NULL);INSERT INTO assets(identifier,type, started, swapped_for) VALUES("eip155:137/erc20:0x46F48FbdedAa6F5500993BEDE9539ef85F4BeE8e", "C", NULL, NULL); INSERT INTO common_asset_details(identifier, name, symbol, coingecko, cryptocompare, forked) VALUES("eip155:137/erc20:0x46F48FbdedAa6F5500993BEDE9539ef85F4BeE8e", "ARIANEE (PoS)", "ARIA20", "arianee", "ARIA20", NULL);
INSERT INTO evm_tokens(identifier, token_kind, chain, address, decimals, protocol) VALUES("eip155:137/erc20:0x480fD103973357266813EcfcE9faABAbF3C4ca3A", "A", "E", "0x480fD103973357266813EcfcE9faABAbF3C4ca3A", 18, NULL);INSERT INTO assets(identifier,type, started, swapped_for) VALUES("eip155:137/erc20:0x480fD103973357266813EcfcE9faABAbF3C4ca3A", "C", NULL, NULL); INSERT INTO common_asset_details(identifier, name, symbol, coingecko, cryptocompare, forked) VALUES("eip155:137/erc20:0x480fD103973357266813EcfcE9faABAbF3C4ca3A", "H3RO3S", "H3RO3S", "h3ro3s", "", NULL);
INSERT INTO evm_tokens(identifier, token_kind, chain, address, decimals, protocol) VALUES("eip155:137/erc20:0x49a0400587A7F65072c87c4910449fDcC5c47242", "A", "E", "0x49a0400587A7F65072c87c4910449fDcC5c47242", 18, NULL);INSERT INTO assets(identifier,type, started, swapped_for) VALUES("eip155:137/erc20:0x49a0400587A7F65072c87c4910449fDcC5c47242", "C", NULL, NULL); INSERT INTO common_asset_details(identifier, name, symbol, coingecko, cryptocompare, forked) VALUES("eip155:137/erc20:0x49a0400587A7F65072c87c4910449fDcC5c47242", "Magic Internet Money", "MIM", "magic-internet-money", "MIM", NULL);
INSERT INTO evm_tokens(identifier, token_kind, chain, address, decimals, protocol) VALUES("eip155:137/erc20:0x4CEBdBCB286101A17D3eA1f7fe7bbDeD2B2053dd", "A", "E", "0x4CEBdBCB286101A17D3eA1f7fe7bbDeD2B2053dd", 18, NULL);INSERT INTO assets(identifier,type, started, swapped_for) VALUES("eip155:137/erc20:0x4CEBdBCB286101A17D3eA1f7fe7bbDeD2B2053dd", "C", NULL, NULL); INSERT INTO common_asset_details(identifier, name, symbol, coingecko, cryptocompare, forked) VALUES("eip155:137/erc20:0x4CEBdBCB286101A17D3eA1f7fe7bbDeD2B2053dd", "Yield (PoS)", "YLD", "yield-app", "YLD", NULL);
INSERT INTO evm_tokens(identifier, token_kind, chain, address, decimals, protocol) VALUES("eip155:137/erc20:0x4e78011Ce80ee02d2c3e649Fb657E45898257815", "A", "E", "0x4e78011Ce80ee02d2c3e649Fb657E45898257815", 9, NULL);INSERT INTO assets(identifier,type, started, swapped_for) VALUES("eip155:137/erc20:0x4e78011Ce80ee02d2c3e649Fb657E45898257815", "C", NULL, NULL); INSERT INTO common_asset_details(identifier, name, symbol, coingecko, cryptocompare, forked) VALUES("eip155:137/erc20:0x4e78011Ce80ee02d2c3e649Fb657E45898257815", "Klima DAO", "KLIMA", "klima-dao", "", NULL);
INSERT INTO evm_tokens(identifier, token_kind, chain, address, decimals, protocol) VALUES("eip155:137/erc20:0x4e830F67Ec499E69930867f9017AEb5B3f629c73", "A", "E", "0x4e830F67Ec499E69930867f9017AEb5B3f629c73", 18, NULL);INSERT INTO assets(identifier,type, started, swapped_for) VALUES("eip155:137/erc20:0x4e830F67Ec499E69930867f9017AEb5B3f629c73", "C", NULL, NULL); INSERT INTO common_asset_details(identifier, name, symbol, coingecko, cryptocompare, forked) VALUES("eip155:137/erc20:0x4e830F67Ec499E69930867f9017AEb5B3f629c73", "OddzToken", "ODDZ", "oddz", "ODDZ", NULL);
INSERT INTO evm_tokens(identifier, token_kind, chain, address, decimals, protocol) VALUES("eip155:137/erc20:0x4Fb71290Ac171E1d144F7221D882BECAc7196EB5", "A", "E", "0x4Fb71290Ac171E1d144F7221D882BECAc7196EB5", 6, NULL);INSERT INTO assets(identifier,type, started, swapped_for) VALUES("eip155:137/erc20:0x4Fb71290Ac171E1d144F7221D882BECAc7196EB5", "C", NULL, NULL); INSERT INTO common_asset_details(identifier, name, symbol, coingecko, cryptocompare, forked) VALUES("eip155:137/erc20:0x4Fb71290Ac171E1d144F7221D882BECAc7196EB5", "BiLira (PoS)", "TRYB", "bilira", "", NULL);
INSERT INTO evm_tokens(identifier, token_kind, chain, address, decimals, protocol) VALUES("eip155:137/erc20:0x50B728D8D964fd00C2d0AAD81718b71311feF68a", "A", "E", "0x50B728D8D964fd00C2d0AAD81718b71311feF68a", 18, NULL);INSERT INTO assets(identifier,type, started, swapped_for) VALUES("eip155:137/erc20:0x50B728D8D964fd00C2d0AAD81718b71311feF68a", "C", NULL, NULL); INSERT INTO common_asset_details(identifier, name, symbol, coingecko, cryptocompare, forked) VALUES("eip155:137/erc20:0x50B728D8D964fd00C2d0AAD81718b71311feF68a", "Synthetix Network Token (PoS)", "SNX", "havven", "", NULL);
INSERT INTO evm_tokens(identifier, token_kind, chain, address, decimals, protocol) VALUES("eip155:137/erc20:0x534F39c5f4DF9cB13E16B24cA07c7C8C0E2eadB7", "A", "E", "0x534F39c5f4DF9cB13E16B24cA07c7C8C0E2eadB7", 18, NULL);INSERT INTO assets(identifier,type, started, swapped_for) VALUES("eip155:137/erc20:0x534F39c5f4DF9cB13E16B24cA07c7C8C0E2eadB7", "C", NULL, NULL); INSERT INTO common_asset_details(identifier, name, symbol, coingecko, cryptocompare, forked) VALUES("eip155:137/erc20:0x534F39c5f4DF9cB13E16B24cA07c7C8C0E2eadB7", "Safe Haven Token", "SHA", "safe-haven", "", NULL);
INSERT INTO evm_tokens(identifier, token_kind, chain, address, decimals, protocol) VALUES("eip155:137/erc20:0x538D47D142F6993038a667E9D6210d3735749B36", "A", "E", "0x538D47D142F6993038a667E9D6210d3735749B36", 18, NULL);INSERT INTO assets(identifier,type, started, swapped_for) VALUES("eip155:137/erc20:0x538D47D142F6993038a667E9D6210d3735749B36", "C", NULL, NULL); INSERT INTO common_asset_details(identifier, name, symbol, coingecko, cryptocompare, forked) VALUES("eip155:137/erc20:0x538D47D142F6993038a667E9D6210d3735749B36", "Burp (PoS)", "BURP", "burp", "BURP", NULL);
INSERT INTO evm_tokens(identifier, token_kind, chain, address, decimals, protocol) VALUES("eip155:137/erc20:0x53E0bca35eC356BD5ddDFebbD1Fc0fD03FaBad39", "A", "E", "0x53E0bca35eC356BD5ddDFebbD1Fc0fD03FaBad39", 18, NULL);INSERT INTO assets(identifier,type, started, swapped_for) VALUES("eip155:137/erc20:0x53E0bca35eC356BD5ddDFebbD1Fc0fD03FaBad39", "C", NULL, NULL); INSERT INTO common_asset_details(identifier, name, symbol, coingecko, cryptocompare, forked) VALUES("eip155:137/erc20:0x53E0bca35eC356BD5ddDFebbD1Fc0fD03FaBad39", "ChainLink Token", "LINK", "chainlink", "", NULL);
INSERT INTO evm_tokens(identifier, token_kind, chain, address, decimals, protocol) VALUES("eip155:137/erc20:0x596eBE76e2DB4470966ea395B0d063aC6197A8C5", "A", "E", "0x596eBE76e2DB4470966ea395B0d063aC6197A8C5", 18, NULL);INSERT INTO assets(identifier,type, started, swapped_for) VALUES("eip155:137/erc20:0x596eBE76e2DB4470966ea395B0d063aC6197A8C5", "C", NULL, NULL); INSERT INTO common_asset_details(identifier, name, symbol, coingecko, cryptocompare, forked) VALUES("eip155:137/erc20:0x596eBE76e2DB4470966ea395B0d063aC6197A8C5", "Jarvis Reward Token", "JRT", "jarvis-reward-token", "", NULL);
INSERT INTO evm_tokens(identifier, token_kind, chain, address, decimals, protocol) VALUES("eip155:137/erc20:0x598e49f01bEfeB1753737934a5b11fea9119C796", "A", "E", "0x598e49f01bEfeB1753737934a5b11fea9119C796", 11, NULL);INSERT INTO assets(identifier,type, started, swapped_for) VALUES("eip155:137/erc20:0x598e49f01bEfeB1753737934a5b11fea9119C796", "C", NULL, NULL); INSERT INTO common_asset_details(identifier, name, symbol, coingecko, cryptocompare, forked) VALUES("eip155:137/erc20:0x598e49f01bEfeB1753737934a5b11fea9119C796", "Adshares (PoS)", "ADS", "adshares", "ADS", NULL);
INSERT INTO evm_tokens(identifier, token_kind, chain, address, decimals, protocol) VALUES("eip155:137/erc20:0x59B5654a17Ac44F3068b3882F298881433bB07Ef", "A", "E", "0x59B5654a17Ac44F3068b3882F298881433bB07Ef", 18, NULL);INSERT INTO assets(identifier,type, started, swapped_for) VALUES("eip155:137/erc20:0x59B5654a17Ac44F3068b3882F298881433bB07Ef", "C", NULL, NULL); INSERT INTO common_asset_details(identifier, name, symbol, coingecko, cryptocompare, forked) VALUES("eip155:137/erc20:0x59B5654a17Ac44F3068b3882F298881433bB07Ef", "CoinPoker Chips (PoS)", "CHP", "coinpoker", "", NULL);
INSERT INTO evm_tokens(identifier, token_kind, chain, address, decimals, protocol) VALUES("eip155:137/erc20:0x5B4CF2C120A9702225814E18543ee658c5f8631e", "A", "E", "0x5B4CF2C120A9702225814E18543ee658c5f8631e", 18, NULL);INSERT INTO assets(identifier,type, started, swapped_for) VALUES("eip155:137/erc20:0x5B4CF2C120A9702225814E18543ee658c5f8631e", "C", NULL, NULL); INSERT INTO common_asset_details(identifier, name, symbol, coingecko, cryptocompare, forked) VALUES("eip155:137/erc20:0x5B4CF2C120A9702225814E18543ee658c5f8631e", "UniLend Finance Token (PoS)", "UFT", "unlend-finance", "", NULL);
INSERT INTO evm_tokens(identifier, token_kind, chain, address, decimals, protocol) VALUES("eip155:137/erc20:0x5b6ab5078Bd2bbF1A215fFFBa16a94b7DF7F639d", "A", "E", "0x5b6ab5078Bd2bbF1A215fFFBa16a94b7DF7F639d", 18, NULL);INSERT INTO assets(identifier,type, started, swapped_for) VALUES("eip155:137/erc20:0x5b6ab5078Bd2bbF1A215fFFBa16a94b7DF7F639d", "C", NULL, NULL); INSERT INTO common_asset_details(identifier, name, symbol, coingecko, cryptocompare, forked) VALUES("eip155:137/erc20:0x5b6ab5078Bd2bbF1A215fFFBa16a94b7DF7F639d", "PieDAO DEFI++ (PoS)", "DEFI++", "piedao-defi", "", NULL);
INSERT INTO evm_tokens(identifier, token_kind, chain, address, decimals, protocol) VALUES("eip155:137/erc20:0x5fe2B58c013d7601147DcdD68C143A77499f5531", "A", "E", "0x5fe2B58c013d7601147DcdD68C143A77499f5531", 18, NULL);INSERT INTO assets(identifier,type, started, swapped_for) VALUES("eip155:137/erc20:0x5fe2B58c013d7601147DcdD68C143A77499f5531", "C", NULL, NULL); INSERT INTO common_asset_details(identifier, name, symbol, coingecko, cryptocompare, forked) VALUES("eip155:137/erc20:0x5fe2B58c013d7601147DcdD68C143A77499f5531", "Graph Token", "GRT", "the-graph", "", NULL);
INSERT INTO evm_tokens(identifier, token_kind, chain, address, decimals, protocol) VALUES("eip155:137/erc20:0x60bB3D364B765C497C8cE50AE0Ae3f0882c5bD05", "A", "E", "0x60bB3D364B765C497C8cE50AE0Ae3f0882c5bD05", 18, NULL);INSERT INTO assets(identifier,type, started, swapped_for) VALUES("eip155:137/erc20:0x60bB3D364B765C497C8cE50AE0Ae3f0882c5bD05", "C", NULL, NULL); INSERT INTO common_asset_details(identifier, name, symbol, coingecko, cryptocompare, forked) VALUES("eip155:137/erc20:0x60bB3D364B765C497C8cE50AE0Ae3f0882c5bD05", "Impermax", "IMX", "impermax", "", NULL);
INSERT INTO evm_tokens(identifier, token_kind, chain, address, decimals, protocol) VALUES("eip155:137/erc20:0x6109cB051c5C64093830121ed76272aB04bBDD7C", "A", "E", "0x6109cB051c5C64093830121ed76272aB04bBDD7C", 18, NULL);INSERT INTO assets(identifier,type, started, swapped_for) VALUES("eip155:137/erc20:0x6109cB051c5C64093830121ed76272aB04bBDD7C", "C", NULL, NULL); INSERT INTO common_asset_details(identifier, name, symbol, coingecko, cryptocompare, forked) VALUES("eip155:137/erc20:0x6109cB051c5C64093830121ed76272aB04bBDD7C", "Prosper", "PROS", "prosper", "", NULL);
INSERT INTO evm_tokens(identifier, token_kind, chain, address, decimals, protocol) VALUES("eip155:137/erc20:0x61299774020dA444Af134c82fa83E3810b309991", "A", "E", "0x61299774020dA444Af134c82fa83E3810b309991", 18, NULL);INSERT INTO assets(identifier,type, started, swapped_for) VALUES("eip155:137/erc20:0x61299774020dA444Af134c82fa83E3810b309991", "C", NULL, NULL); INSERT INTO common_asset_details(identifier, name, symbol, coingecko, cryptocompare, forked) VALUES("eip155:137/erc20:0x61299774020dA444Af134c82fa83E3810b309991", "Render Token", "RNDR", "render-token", "", NULL);
INSERT INTO evm_tokens(identifier, token_kind, chain, address, decimals, protocol) VALUES("eip155:137/erc20:0x614389EaAE0A6821DC49062D56BDA3d9d45Fa2ff", "A", "E", "0x614389EaAE0A6821DC49062D56BDA3d9d45Fa2ff", 18, NULL);INSERT INTO assets(identifier,type, started, swapped_for) VALUES("eip155:137/erc20:0x614389EaAE0A6821DC49062D56BDA3d9d45Fa2ff", "C", NULL, NULL); INSERT INTO common_asset_details(identifier, name, symbol, coingecko, cryptocompare, forked) VALUES("eip155:137/erc20:0x614389EaAE0A6821DC49062D56BDA3d9d45Fa2ff", "Orbs", "ORBS", "orbs", "", NULL);
INSERT INTO evm_tokens(identifier, token_kind, chain, address, decimals, protocol) VALUES("eip155:137/erc20:0x61aEe582896064ecD5D85D66a32DDEB5574A699D", "A", "E", "0x61aEe582896064ecD5D85D66a32DDEB5574A699D", 18, NULL);INSERT INTO assets(identifier,type, started, swapped_for) VALUES("eip155:137/erc20:0x61aEe582896064ecD5D85D66a32DDEB5574A699D", "C", NULL, NULL); INSERT INTO common_asset_details(identifier, name, symbol, coingecko, cryptocompare, forked) VALUES("eip155:137/erc20:0x61aEe582896064ecD5D85D66a32DDEB5574A699D", "HYVE", "HYVE", "hyve", "HYVE", NULL);
INSERT INTO evm_tokens(identifier, token_kind, chain, address, decimals, protocol) VALUES("eip155:137/erc20:0x625E7708f30cA75bfd92586e17077590C60eb4cD", "A", "E", "0x625E7708f30cA75bfd92586e17077590C60eb4cD", 6, NULL);INSERT INTO assets(identifier,type, started, swapped_for) VALUES("eip155:137/erc20:0x625E7708f30cA75bfd92586e17077590C60eb4cD", "C", NULL, NULL); INSERT INTO common_asset_details(identifier, name, symbol, coingecko, cryptocompare, forked) VALUES("eip155:137/erc20:0x625E7708f30cA75bfd92586e17077590C60eb4cD", "Aave Polygon USDC", "aPolUSDC", "aave-usdc", "USDC", NULL);
INSERT INTO evm_tokens(identifier, token_kind, chain, address, decimals, protocol) VALUES("eip155:137/erc20:0x64ca1571d1476b7a21C5aaf9f1a750A193A103C0", "A", "E", "0x64ca1571d1476b7a21C5aaf9f1a750A193A103C0", 18, NULL);INSERT INTO assets(identifier,type, started, swapped_for) VALUES("eip155:137/erc20:0x64ca1571d1476b7a21C5aaf9f1a750A193A103C0", "C", NULL, NULL); INSERT INTO common_asset_details(identifier, name, symbol, coingecko, cryptocompare, forked) VALUES("eip155:137/erc20:0x64ca1571d1476b7a21C5aaf9f1a750A193A103C0", "Bondly (PoS)", "BONDLY", "bondly", "BONDLY", NULL);
INSERT INTO evm_tokens(identifier, token_kind, chain, address, decimals, protocol) VALUES("eip155:137/erc20:0x65A05DB8322701724c197AF82C9CaE41195B0aA8", "A", "E", "0x65A05DB8322701724c197AF82C9CaE41195B0aA8", 18, NULL);INSERT INTO assets(identifier,type, started, swapped_for) VALUES("eip155:137/erc20:0x65A05DB8322701724c197AF82C9CaE41195B0aA8", "C", NULL, NULL); INSERT INTO common_asset_details(identifier, name, symbol, coingecko, cryptocompare, forked) VALUES("eip155:137/erc20:0x65A05DB8322701724c197AF82C9CaE41195B0aA8", "FOX", "FOX", "shapeshift-fox-token", "", NULL);
INSERT INTO evm_tokens(identifier, token_kind, chain, address, decimals, protocol) VALUES("eip155:137/erc20:0x6863BD30C9e313B264657B107352bA246F8Af8e0", "A", "E", "0x6863BD30C9e313B264657B107352bA246F8Af8e0", 18, NULL);INSERT INTO assets(identifier,type, started, swapped_for) VALUES("eip155:137/erc20:0x6863BD30C9e313B264657B107352bA246F8Af8e0", "C", NULL, NULL); INSERT INTO common_asset_details(identifier, name, symbol, coingecko, cryptocompare, forked) VALUES("eip155:137/erc20:0x6863BD30C9e313B264657B107352bA246F8Af8e0", "BlackPool Token (PoS)", "BPT", "blackpool-token", "BPT", NULL);
INSERT INTO evm_tokens(identifier, token_kind, chain, address, decimals, protocol) VALUES("eip155:137/erc20:0x6aB6d61428fde76768D7b45D8BFeec19c6eF91A8", "A", "E", "0x6aB6d61428fde76768D7b45D8BFeec19c6eF91A8", 18, NULL);INSERT INTO assets(identifier,type, started, swapped_for) VALUES("eip155:137/erc20:0x6aB6d61428fde76768D7b45D8BFeec19c6eF91A8", "C", NULL, NULL); INSERT INTO common_asset_details(identifier, name, symbol, coingecko, cryptocompare, forked) VALUES("eip155:137/erc20:0x6aB6d61428fde76768D7b45D8BFeec19c6eF91A8", "Anyswap", "ANY", "anyswap", "", NULL);
INSERT INTO evm_tokens(identifier, token_kind, chain, address, decimals, protocol) VALUES("eip155:137/erc20:0x6ab707Aca953eDAeFBc4fD23bA73294241490620", "A", "E", "0x6ab707Aca953eDAeFBc4fD23bA73294241490620", 6, NULL);INSERT INTO assets(identifier,type, started, swapped_for) VALUES("eip155:137/erc20:0x6ab707Aca953eDAeFBc4fD23bA73294241490620", "C", NULL, NULL); INSERT INTO common_asset_details(identifier, name, symbol, coingecko, cryptocompare, forked) VALUES("eip155:137/erc20:0x6ab707Aca953eDAeFBc4fD23bA73294241490620", "Aave Polygon USDT", "aPolUSDT", "aave-usdt", "USDT", NULL);
INSERT INTO evm_tokens(identifier, token_kind, chain, address, decimals, protocol) VALUES("eip155:137/erc20:0x6DdB31002abC64e1479Fc439692F7eA061e78165", "A", "E", "0x6DdB31002abC64e1479Fc439692F7eA061e78165", 18, NULL);INSERT INTO assets(identifier,type, started, swapped_for) VALUES("eip155:137/erc20:0x6DdB31002abC64e1479Fc439692F7eA061e78165", "C", NULL, NULL); INSERT INTO common_asset_details(identifier, name, symbol, coingecko, cryptocompare, forked) VALUES("eip155:137/erc20:0x6DdB31002abC64e1479Fc439692F7eA061e78165", "Furucombo", "COMBO", "furucombo", "", NULL);
INSERT INTO evm_tokens(identifier, token_kind, chain, address, decimals, protocol) VALUES("eip155:137/erc20:0x70c006878a5A50Ed185ac4C87d837633923De296", "A", "E", "0x70c006878a5A50Ed185ac4C87d837633923De296", 18, NULL);INSERT INTO assets(identifier,type, started, swapped_for) VALUES("eip155:137/erc20:0x70c006878a5A50Ed185ac4C87d837633923De296", "C", NULL, NULL); INSERT INTO common_asset_details(identifier, name, symbol, coingecko, cryptocompare, forked) VALUES("eip155:137/erc20:0x70c006878a5A50Ed185ac4C87d837633923De296", "REVV", "REVV", "revv", "", NULL);
INSERT INTO evm_tokens(identifier, token_kind, chain, address, decimals, protocol) VALUES("eip155:137/erc20:0x71B821aa52a49F32EEd535fCA6Eb5aa130085978", "A", "E", "0x71B821aa52a49F32EEd535fCA6Eb5aa130085978", 8, NULL);INSERT INTO assets(identifier,type, started, swapped_for) VALUES("eip155:137/erc20:0x71B821aa52a49F32EEd535fCA6Eb5aa130085978", "C", NULL, NULL); INSERT INTO common_asset_details(identifier, name, symbol, coingecko, cryptocompare, forked) VALUES("eip155:137/erc20:0x71B821aa52a49F32EEd535fCA6Eb5aa130085978", "0xBitcoin Token", "0xBTC", "oxbitcoin", "0XBTC", NULL);
INSERT INTO evm_tokens(identifier, token_kind, chain, address, decimals, protocol) VALUES("eip155:137/erc20:0x72d6066F486bd0052eefB9114B66ae40e0A6031a", "A", "E", "0x72d6066F486bd0052eefB9114B66ae40e0A6031a", 8, NULL);INSERT INTO assets(identifier,type, started, swapped_for) VALUES("eip155:137/erc20:0x72d6066F486bd0052eefB9114B66ae40e0A6031a", "C", NULL, NULL); INSERT INTO common_asset_details(identifier, name, symbol, coingecko, cryptocompare, forked) VALUES("eip155:137/erc20:0x72d6066F486bd0052eefB9114B66ae40e0A6031a", "Wazirx (PoS)", "WRX", "wazirx", "", NULL);
INSERT INTO evm_tokens(identifier, token_kind, chain, address, decimals, protocol) VALUES("eip155:137/erc20:0x79637D860380bd28dF5a07329749654790FAc1Df", "A", "E", "0x79637D860380bd28dF5a07329749654790FAc1Df", 18, NULL);INSERT INTO assets(identifier,type, started, swapped_for) VALUES("eip155:137/erc20:0x79637D860380bd28dF5a07329749654790FAc1Df", "C", NULL, NULL); INSERT INTO common_asset_details(identifier, name, symbol, coingecko, cryptocompare, forked) VALUES("eip155:137/erc20:0x79637D860380bd28dF5a07329749654790FAc1Df", "Plato Game", "PLATO", "plato-game", "PLATO", NULL);
INSERT INTO evm_tokens(identifier, token_kind, chain, address, decimals, protocol) VALUES("eip155:137/erc20:0x7ceB23fD6bC0adD59E62ac25578270cFf1b9f619", "A", "E", "0x7ceB23fD6bC0adD59E62ac25578270cFf1b9f619", 18, NULL);INSERT INTO assets(identifier,type, started, swapped_for) VALUES("eip155:137/erc20:0x7ceB23fD6bC0adD59E62ac25578270cFf1b9f619", "C", NULL, NULL); INSERT INTO common_asset_details(identifier, name, symbol, coingecko, cryptocompare, forked) VALUES("eip155:137/erc20:0x7ceB23fD6bC0adD59E62ac25578270cFf1b9f619", "Wrapped Ether", "WETH", "weth", "", NULL);
INSERT INTO evm_tokens(identifier, token_kind, chain, address, decimals, protocol) VALUES("eip155:137/erc20:0x7E7fF932FAb08A0af569f93Ce65e7b8b23698Ad8", "A", "E", "0x7E7fF932FAb08A0af569f93Ce65e7b8b23698Ad8", 18, NULL);INSERT INTO assets(identifier,type, started, swapped_for) VALUES("eip155:137/erc20:0x7E7fF932FAb08A0af569f93Ce65e7b8b23698Ad8", "C", NULL, NULL); INSERT INTO common_asset_details(identifier, name, symbol, coingecko, cryptocompare, forked) VALUES("eip155:137/erc20:0x7E7fF932FAb08A0af569f93Ce65e7b8b23698Ad8", "YfDAI.finance (PoS)", "Yf-DAI", "yfdai-finance", "YFDAI", NULL);
INSERT INTO evm_tokens(identifier, token_kind, chain, address, decimals, protocol) VALUES("eip155:137/erc20:0x7FBc10850caE055B27039aF31bD258430e714c62", "A", "E", "0x7FBc10850caE055B27039aF31bD258430e714c62", 8, NULL);INSERT INTO assets(identifier,type, started, swapped_for) VALUES("eip155:137/erc20:0x7FBc10850caE055B27039aF31bD258430e714c62", "C", NULL, NULL); INSERT INTO common_asset_details(identifier, name, symbol, coingecko, cryptocompare, forked) VALUES("eip155:137/erc20:0x7FBc10850caE055B27039aF31bD258430e714c62", "UniBright", "UBT", "unibright", "", NULL);
INSERT INTO evm_tokens(identifier, token_kind, chain, address, decimals, protocol) VALUES("eip155:137/erc20:0x82E64f49Ed5EC1bC6e43DAD4FC8Af9bb3A2312EE", "A", "E", "0x82E64f49Ed5EC1bC6e43DAD4FC8Af9bb3A2312EE", 18, NULL);INSERT INTO assets(identifier,type, started, swapped_for) VALUES("eip155:137/erc20:0x82E64f49Ed5EC1bC6e43DAD4FC8Af9bb3A2312EE", "C", NULL, NULL); INSERT INTO common_asset_details(identifier, name, symbol, coingecko, cryptocompare, forked) VALUES("eip155:137/erc20:0x82E64f49Ed5EC1bC6e43DAD4FC8Af9bb3A2312EE", "Aave Polygon DAI", "aPolDAI", "aave-dai", "DAI", NULL);
INSERT INTO evm_tokens(identifier, token_kind, chain, address, decimals, protocol) VALUES("eip155:137/erc20:0x831753DD7087CaC61aB5644b308642cc1c33Dc13", "A", "E", "0x831753DD7087CaC61aB5644b308642cc1c33Dc13", 18, NULL);INSERT INTO assets(identifier,type, started, swapped_for) VALUES("eip155:137/erc20:0x831753DD7087CaC61aB5644b308642cc1c33Dc13", "C", NULL, NULL); INSERT INTO common_asset_details(identifier, name, symbol, coingecko, cryptocompare, forked) VALUES("eip155:137/erc20:0x831753DD7087CaC61aB5644b308642cc1c33Dc13", "Quickswap", "QUICK", "quick", "", NULL);
INSERT INTO evm_tokens(identifier, token_kind, chain, address, decimals, protocol) VALUES("eip155:137/erc20:0x8346Ab8d5EA7A9Db0209aEd2d1806AFA0E2c4C21", "A", "E", "0x8346Ab8d5EA7A9Db0209aEd2d1806AFA0E2c4C21", 18, NULL);INSERT INTO assets(identifier,type, started, swapped_for) VALUES("eip155:137/erc20:0x8346Ab8d5EA7A9Db0209aEd2d1806AFA0E2c4C21", "C", NULL, NULL); INSERT INTO common_asset_details(identifier, name, symbol, coingecko, cryptocompare, forked) VALUES("eip155:137/erc20:0x8346Ab8d5EA7A9Db0209aEd2d1806AFA0E2c4C21", "MODEFI (PoS)", "MOD", "modefi", "MOD", NULL);
INSERT INTO evm_tokens(identifier, token_kind, chain, address, decimals, protocol) VALUES("eip155:137/erc20:0x839F1a22A59eAAf26c85958712aB32F80FEA23d9", "A", "E", "0x839F1a22A59eAAf26c85958712aB32F80FEA23d9", 18, NULL);INSERT INTO assets(identifier,type, started, swapped_for) VALUES("eip155:137/erc20:0x839F1a22A59eAAf26c85958712aB32F80FEA23d9", "C", NULL, NULL); INSERT INTO common_asset_details(identifier, name, symbol, coingecko, cryptocompare, forked) VALUES("eip155:137/erc20:0x839F1a22A59eAAf26c85958712aB32F80FEA23d9", "Axion", "AXN", "axion", "AXN", NULL);
INSERT INTO evm_tokens(identifier, token_kind, chain, address, decimals, protocol) VALUES("eip155:137/erc20:0x840195888Db4D6A99ED9F73FcD3B225Bb3cB1A79", "A", "E", "0x840195888Db4D6A99ED9F73FcD3B225Bb3cB1A79", 18, NULL);INSERT INTO assets(identifier,type, started, swapped_for) VALUES("eip155:137/erc20:0x840195888Db4D6A99ED9F73FcD3B225Bb3cB1A79", "C", NULL, NULL); INSERT INTO common_asset_details(identifier, name, symbol, coingecko, cryptocompare, forked) VALUES("eip155:137/erc20:0x840195888Db4D6A99ED9F73FcD3B225Bb3cB1A79", "SportX (PoS)", "SX", "sx-network", "", NULL);
INSERT INTO evm_tokens(identifier, token_kind, chain, address, decimals, protocol) VALUES("eip155:137/erc20:0x8505b9d2254A7Ae468c0E9dd10Ccea3A837aef5c", "A", "E", "0x8505b9d2254A7Ae468c0E9dd10Ccea3A837aef5c", 18, NULL);INSERT INTO assets(identifier,type, started, swapped_for) VALUES("eip155:137/erc20:0x8505b9d2254A7Ae468c0E9dd10Ccea3A837aef5c", "C", NULL, NULL); INSERT INTO common_asset_details(identifier, name, symbol, coingecko, cryptocompare, forked) VALUES("eip155:137/erc20:0x8505b9d2254A7Ae468c0E9dd10Ccea3A837aef5c", "(PoS) Compound", "COMP", "compound-governance-token", "", NULL);
INSERT INTO evm_tokens(identifier, token_kind, chain, address, decimals, protocol) VALUES("eip155:137/erc20:0x85955046DF4668e1DD369D2DE9f3AEB98DD2A369", "A", "E", "0x85955046DF4668e1DD369D2DE9f3AEB98DD2A369", 18, NULL);INSERT INTO assets(identifier,type, started, swapped_for) VALUES("eip155:137/erc20:0x85955046DF4668e1DD369D2DE9f3AEB98DD2A369", "C", NULL, NULL); INSERT INTO common_asset_details(identifier, name, symbol, coingecko, cryptocompare, forked) VALUES("eip155:137/erc20:0x85955046DF4668e1DD369D2DE9f3AEB98DD2A369", "DefiPulse Index (PoS)", "DPI", "defipulse-index", "", NULL);
INSERT INTO evm_tokens(identifier, token_kind, chain, address, decimals, protocol) VALUES("eip155:137/erc20:0x8765f05ADce126d70bcdF1b0a48Db573316662eB", "A", "E", "0x8765f05ADce126d70bcdF1b0a48Db573316662eB", 18, NULL);INSERT INTO assets(identifier,type, started, swapped_for) VALUES("eip155:137/erc20:0x8765f05ADce126d70bcdF1b0a48Db573316662eB", "C", NULL, NULL); INSERT INTO common_asset_details(identifier, name, symbol, coingecko, cryptocompare, forked) VALUES("eip155:137/erc20:0x8765f05ADce126d70bcdF1b0a48Db573316662eB", "PlayDapp Token (PoS)", "PLA", "playdapp", "PLA", NULL);
INSERT INTO evm_tokens(identifier, token_kind, chain, address, decimals, protocol) VALUES("eip155:137/erc20:0x8A953CfE442c5E8855cc6c61b1293FA648BAE472", "A", "E", "0x8A953CfE442c5E8855cc6c61b1293FA648BAE472", 18, NULL);INSERT INTO assets(identifier,type, started, swapped_for) VALUES("eip155:137/erc20:0x8A953CfE442c5E8855cc6c61b1293FA648BAE472", "C", NULL, NULL); INSERT INTO common_asset_details(identifier, name, symbol, coingecko, cryptocompare, forked) VALUES("eip155:137/erc20:0x8A953CfE442c5E8855cc6c61b1293FA648BAE472", "PolyDoge", "PolyDoge", "polydoge", "POLYDOGE", NULL);
INSERT INTO evm_tokens(identifier, token_kind, chain, address, decimals, protocol) VALUES("eip155:137/erc20:0x8bB30E0e67b11b978a5040144c410e1ccDDcba30", "A", "E", "0x8bB30E0e67b11b978a5040144c410e1ccDDcba30", 10, NULL);INSERT INTO assets(identifier,type, started, swapped_for) VALUES("eip155:137/erc20:0x8bB30E0e67b11b978a5040144c410e1ccDDcba30", "C", NULL, NULL); INSERT INTO common_asset_details(identifier, name, symbol, coingecko, cryptocompare, forked) VALUES("eip155:137/erc20:0x8bB30E0e67b11b978a5040144c410e1ccDDcba30", "0chain (PoS)", "ZCN", "0chain", "", NULL);
INSERT INTO evm_tokens(identifier, token_kind, chain, address, decimals, protocol) VALUES("eip155:137/erc20:0x8C4476DFEC8e7EEdf2DE3e9E9461B7c14C828d46", "A", "E", "0x8C4476DFEC8e7EEdf2DE3e9E9461B7c14C828d46", 18, NULL);INSERT INTO assets(identifier,type, started, swapped_for) VALUES("eip155:137/erc20:0x8C4476DFEC8e7EEdf2DE3e9E9461B7c14C828d46", "C", NULL, NULL); INSERT INTO common_asset_details(identifier, name, symbol, coingecko, cryptocompare, forked) VALUES("eip155:137/erc20:0x8C4476DFEC8e7EEdf2DE3e9E9461B7c14C828d46", "UniX Gaming (PoS)", "UNIX", "unix", "UNIX", NULL);
INSERT INTO evm_tokens(identifier, token_kind, chain, address, decimals, protocol) VALUES("eip155:137/erc20:0x8C92e38eCA8210f4fcBf17F0951b198Dd7668292", "A", "E", "0x8C92e38eCA8210f4fcBf17F0951b198Dd7668292", 18, NULL);INSERT INTO assets(identifier,type, started, swapped_for) VALUES("eip155:137/erc20:0x8C92e38eCA8210f4fcBf17F0951b198Dd7668292", "C", NULL, NULL); INSERT INTO common_asset_details(identifier, name, symbol, coingecko, cryptocompare, forked) VALUES("eip155:137/erc20:0x8C92e38eCA8210f4fcBf17F0951b198Dd7668292", "dHedge DAO Token", "DHT", "dhedge-dao", "", NULL);
INSERT INTO evm_tokens(identifier, token_kind, chain, address, decimals, protocol) VALUES("eip155:137/erc20:0x8d1566569d5b695d44a9a234540f68D393cDC40D", "A", "E", "0x8d1566569d5b695d44a9a234540f68D393cDC40D", 18, NULL);INSERT INTO assets(identifier,type, started, swapped_for) VALUES("eip155:137/erc20:0x8d1566569d5b695d44a9a234540f68D393cDC40D", "C", NULL, NULL); INSERT INTO common_asset_details(identifier, name, symbol, coingecko, cryptocompare, forked) VALUES("eip155:137/erc20:0x8d1566569d5b695d44a9a234540f68D393cDC40D", "GAME Credits", "GAME", "gamecredits", "", NULL);
INSERT INTO evm_tokens(identifier, token_kind, chain, address, decimals, protocol) VALUES("eip155:137/erc20:0x8d520c8E66091cfD6743fe37Fbe3A09505616C4b", "A", "E", "0x8d520c8E66091cfD6743fe37Fbe3A09505616C4b", 18, NULL);INSERT INTO assets(identifier,type, started, swapped_for) VALUES("eip155:137/erc20:0x8d520c8E66091cfD6743fe37Fbe3A09505616C4b", "C", NULL, NULL); INSERT INTO common_asset_details(identifier, name, symbol, coingecko, cryptocompare, forked) VALUES("eip155:137/erc20:0x8d520c8E66091cfD6743fe37Fbe3A09505616C4b", "CosplayToken (PoS)", "COT", "cosplay-token-2", "COSP", NULL);
INSERT INTO evm_tokens(identifier, token_kind, chain, address, decimals, protocol) VALUES("eip155:137/erc20:0x8f3Cf7ad23Cd3CaDbD9735AFf958023239c6A063", "A", "E", "0x8f3Cf7ad23Cd3CaDbD9735AFf958023239c6A063", 18, NULL);INSERT INTO assets(identifier,type, started, swapped_for) VALUES("eip155:137/erc20:0x8f3Cf7ad23Cd3CaDbD9735AFf958023239c6A063", "C", NULL, NULL); INSERT INTO common_asset_details(identifier, name, symbol, coingecko, cryptocompare, forked) VALUES("eip155:137/erc20:0x8f3Cf7ad23Cd3CaDbD9735AFf958023239c6A063", "(PoS) Dai Stablecoin", "DAI", "dai", "", NULL);
INSERT INTO evm_tokens(identifier, token_kind, chain, address, decimals, protocol) VALUES("eip155:137/erc20:0x91c5A5488c0dEcde1Eacd8a4F10e0942fb925067", "A", "E", "0x91c5A5488c0dEcde1Eacd8a4F10e0942fb925067", 18, NULL);INSERT INTO assets(identifier,type, started, swapped_for) VALUES("eip155:137/erc20:0x91c5A5488c0dEcde1Eacd8a4F10e0942fb925067", "C", NULL, NULL); INSERT INTO common_asset_details(identifier, name, symbol, coingecko, cryptocompare, forked) VALUES("eip155:137/erc20:0x91c5A5488c0dEcde1Eacd8a4F10e0942fb925067", "Auditchain", "AUDT", "auditchain", "", NULL);
INSERT INTO evm_tokens(identifier, token_kind, chain, address, decimals, protocol) VALUES("eip155:137/erc20:0x92C59F1cC9A322670CCa29594e4D994d48BDFd36", "A", "E", "0x92C59F1cC9A322670CCa29594e4D994d48BDFd36", 18, NULL);INSERT INTO assets(identifier,type, started, swapped_for) VALUES("eip155:137/erc20:0x92C59F1cC9A322670CCa29594e4D994d48BDFd36", "C", NULL, NULL); INSERT INTO common_asset_details(identifier, name, symbol, coingecko, cryptocompare, forked) VALUES("eip155:137/erc20:0x92C59F1cC9A322670CCa29594e4D994d48BDFd36", "PhoenixDAO (PoS)", "PHNX", "phoenixdao", "PHNX", NULL);
INSERT INTO evm_tokens(identifier, token_kind, chain, address, decimals, protocol) VALUES("eip155:137/erc20:0x950e1561B7A7dEB1A32A6419FD435410daf851B0", "A", "E", "0x950e1561B7A7dEB1A32A6419FD435410daf851B0", 18, NULL);INSERT INTO assets(identifier,type, started, swapped_for) VALUES("eip155:137/erc20:0x950e1561B7A7dEB1A32A6419FD435410daf851B0", "C", NULL, NULL); INSERT INTO common_asset_details(identifier, name, symbol, coingecko, cryptocompare, forked) VALUES("eip155:137/erc20:0x950e1561B7A7dEB1A32A6419FD435410daf851B0", "Decentralized Universal Basic Income", "DUBI", "decentralized-universal-basic-income", "", NULL);
INSERT INTO evm_tokens(identifier, token_kind, chain, address, decimals, protocol) VALUES("eip155:137/erc20:0x955CE23f20217a6Aa205620b40EdE4C9E83d325f", "A", "E", "0x955CE23f20217a6Aa205620b40EdE4C9E83d325f", 18, NULL);INSERT INTO assets(identifier,type, started, swapped_for) VALUES("eip155:137/erc20:0x955CE23f20217a6Aa205620b40EdE4C9E83d325f", "C", NULL, NULL); INSERT INTO common_asset_details(identifier, name, symbol, coingecko, cryptocompare, forked) VALUES("eip155:137/erc20:0x955CE23f20217a6Aa205620b40EdE4C9E83d325f", "Dreamr Platform Token (PoS)", "DMR", "dreamr-platform-token", "", NULL);
INSERT INTO evm_tokens(identifier, token_kind, chain, address, decimals, protocol) VALUES("eip155:137/erc20:0x957d1AD5214468332C5e6C00305a25116f9A46BB", "A", "E", "0x957d1AD5214468332C5e6C00305a25116f9A46BB", 18, NULL);INSERT INTO assets(identifier,type, started, swapped_for) VALUES("eip155:137/erc20:0x957d1AD5214468332C5e6C00305a25116f9A46BB", "C", NULL, NULL); INSERT INTO common_asset_details(identifier, name, symbol, coingecko, cryptocompare, forked) VALUES("eip155:137/erc20:0x957d1AD5214468332C5e6C00305a25116f9A46BB", "NOIA Token (PoS)", "NOIA", "noia-network", "", NULL);
INSERT INTO evm_tokens(identifier, token_kind, chain, address, decimals, protocol) VALUES("eip155:137/erc20:0x972999c58BbcE63a2e398d4ED3Bde414b8349eB3", "A", "E", "0x972999c58BbcE63a2e398d4ED3Bde414b8349eB3", 18, NULL);INSERT INTO assets(identifier,type, started, swapped_for) VALUES("eip155:137/erc20:0x972999c58BbcE63a2e398d4ED3Bde414b8349eB3", "C", NULL, NULL); INSERT INTO common_asset_details(identifier, name, symbol, coingecko, cryptocompare, forked) VALUES("eip155:137/erc20:0x972999c58BbcE63a2e398d4ED3Bde414b8349eB3", "Purpose", "PRPS", "purpose", "", NULL);
INSERT INTO evm_tokens(identifier, token_kind, chain, address, decimals, protocol) VALUES("eip155:137/erc20:0x98f8669F6481EbB341B522fCD3663f79A3d1A6A7", "A", "E", "0x98f8669F6481EbB341B522fCD3663f79A3d1A6A7", 18, NULL);INSERT INTO assets(identifier,type, started, swapped_for) VALUES("eip155:137/erc20:0x98f8669F6481EbB341B522fCD3663f79A3d1A6A7", "C", NULL, NULL); INSERT INTO common_asset_details(identifier, name, symbol, coingecko, cryptocompare, forked) VALUES("eip155:137/erc20:0x98f8669F6481EbB341B522fCD3663f79A3d1A6A7", "NEST", "NEST", "nest", "", NULL);
INSERT INTO evm_tokens(identifier, token_kind, chain, address, decimals, protocol) VALUES("eip155:137/erc20:0x9A06Db14D639796B25A6ceC6A1bf614fd98815EC", "A", "E", "0x9A06Db14D639796B25A6ceC6A1bf614fd98815EC", 18, NULL);INSERT INTO assets(identifier,type, started, swapped_for) VALUES("eip155:137/erc20:0x9A06Db14D639796B25A6ceC6A1bf614fd98815EC", "C", NULL, NULL); INSERT INTO common_asset_details(identifier, name, symbol, coingecko, cryptocompare, forked) VALUES("eip155:137/erc20:0x9A06Db14D639796B25A6ceC6A1bf614fd98815EC", "$ZKP Token", "$ZKP", "panther", "ZKP", NULL);
INSERT INTO evm_tokens(identifier, token_kind, chain, address, decimals, protocol) VALUES("eip155:137/erc20:0x9a71012B13CA4d3D0Cdc72A177DF3ef03b0E76A3", "A", "E", "0x9a71012B13CA4d3D0Cdc72A177DF3ef03b0E76A3", 18, NULL);INSERT INTO assets(identifier,type, started, swapped_for) VALUES("eip155:137/erc20:0x9a71012B13CA4d3D0Cdc72A177DF3ef03b0E76A3", "C", NULL, NULL); INSERT INTO common_asset_details(identifier, name, symbol, coingecko, cryptocompare, forked) VALUES("eip155:137/erc20:0x9a71012B13CA4d3D0Cdc72A177DF3ef03b0E76A3", "Balancer", "BAL", "balancer", "", NULL);
INSERT INTO evm_tokens(identifier, token_kind, chain, address, decimals, protocol) VALUES("eip155:137/erc20:0x9c2C5fd7b07E95EE044DDeba0E97a665F142394f", "A", "E", "0x9c2C5fd7b07E95EE044DDeba0E97a665F142394f", 18, NULL);INSERT INTO assets(identifier,type, started, swapped_for) VALUES("eip155:137/erc20:0x9c2C5fd7b07E95EE044DDeba0E97a665F142394f", "C", NULL, NULL); INSERT INTO common_asset_details(identifier, name, symbol, coingecko, cryptocompare, forked) VALUES("eip155:137/erc20:0x9c2C5fd7b07E95EE044DDeba0E97a665F142394f", "1INCH Token", "1INCH", "1inch", "", NULL);
INSERT INTO evm_tokens(identifier, token_kind, chain, address, decimals, protocol) VALUES("eip155:137/erc20:0x9C78EE466D6Cb57A4d01Fd887D2b5dFb2D46288f", "A", "E", "0x9C78EE466D6Cb57A4d01Fd887D2b5dFb2D46288f", 18, NULL);INSERT INTO assets(identifier,type, started, swapped_for) VALUES("eip155:137/erc20:0x9C78EE466D6Cb57A4d01Fd887D2b5dFb2D46288f", "C", NULL, NULL); INSERT INTO common_asset_details(identifier, name, symbol, coingecko, cryptocompare, forked) VALUES("eip155:137/erc20:0x9C78EE466D6Cb57A4d01Fd887D2b5dFb2D46288f", "Must", "MUST", "must", "", NULL);
INSERT INTO evm_tokens(identifier, token_kind, chain, address, decimals, protocol) VALUES("eip155:137/erc20:0x9dBfc1cbf7a1E711503a29B4b5F9130ebeCcaC96", "A", "E", "0x9dBfc1cbf7a1E711503a29B4b5F9130ebeCcaC96", 18, NULL);INSERT INTO assets(identifier,type, started, swapped_for) VALUES("eip155:137/erc20:0x9dBfc1cbf7a1E711503a29B4b5F9130ebeCcaC96", "C", NULL, NULL); INSERT INTO common_asset_details(identifier, name, symbol, coingecko, cryptocompare, forked) VALUES("eip155:137/erc20:0x9dBfc1cbf7a1E711503a29B4b5F9130ebeCcaC96", "UpOnly", "UPO", "uponly-token", "UPO", NULL);
INSERT INTO evm_tokens(identifier, token_kind, chain, address, decimals, protocol) VALUES("eip155:137/erc20:0x9Fb9a33956351cf4fa040f65A13b835A3C8764E3", "A", "E", "0x9Fb9a33956351cf4fa040f65A13b835A3C8764E3", 18, NULL);INSERT INTO assets(identifier,type, started, swapped_for) VALUES("eip155:137/erc20:0x9Fb9a33956351cf4fa040f65A13b835A3C8764E3", "C", NULL, NULL); INSERT INTO common_asset_details(identifier, name, symbol, coingecko, cryptocompare, forked) VALUES("eip155:137/erc20:0x9Fb9a33956351cf4fa040f65A13b835A3C8764E3", "Multichain", "MULTI", "multichain", "MULTI", NULL);
INSERT INTO evm_tokens(identifier, token_kind, chain, address, decimals, protocol) VALUES("eip155:137/erc20:0xa0E390e9ceA0D0e8cd40048ced9fA9EA10D71639", "A", "E", "0xa0E390e9ceA0D0e8cd40048ced9fA9EA10D71639", 18, NULL);INSERT INTO assets(identifier,type, started, swapped_for) VALUES("eip155:137/erc20:0xa0E390e9ceA0D0e8cd40048ced9fA9EA10D71639", "C", NULL, NULL); INSERT INTO common_asset_details(identifier, name, symbol, coingecko, cryptocompare, forked) VALUES("eip155:137/erc20:0xa0E390e9ceA0D0e8cd40048ced9fA9EA10D71639", "DSLA", "DSLA", "stacktical", "DSLA", NULL);
INSERT INTO evm_tokens(identifier, token_kind, chain, address, decimals, protocol) VALUES("eip155:137/erc20:0xa1428174F516F527fafdD146b883bB4428682737", "A", "E", "0xa1428174F516F527fafdD146b883bB4428682737", 18, NULL);INSERT INTO assets(identifier,type, started, swapped_for) VALUES("eip155:137/erc20:0xa1428174F516F527fafdD146b883bB4428682737", "C", NULL, NULL); INSERT INTO common_asset_details(identifier, name, symbol, coingecko, cryptocompare, forked) VALUES("eip155:137/erc20:0xa1428174F516F527fafdD146b883bB4428682737", "SuperFarm (PoS)", "SUPER", "superfarm", "SUPER", NULL);
INSERT INTO evm_tokens(identifier, token_kind, chain, address, decimals, protocol) VALUES("eip155:137/erc20:0xA1c57f48F0Deb89f569dFbE6E2B7f46D33606fD4", "A", "E", "0xA1c57f48F0Deb89f569dFbE6E2B7f46D33606fD4", 18, NULL);INSERT INTO assets(identifier,type, started, swapped_for) VALUES("eip155:137/erc20:0xA1c57f48F0Deb89f569dFbE6E2B7f46D33606fD4", "C", NULL, NULL); INSERT INTO common_asset_details(identifier, name, symbol, coingecko, cryptocompare, forked) VALUES("eip155:137/erc20:0xA1c57f48F0Deb89f569dFbE6E2B7f46D33606fD4", "Decentraland", "MANA", "decentraland", "", NULL);
INSERT INTO evm_tokens(identifier, token_kind, chain, address, decimals, protocol) VALUES("eip155:137/erc20:0xA3c322Ad15218fBFAEd26bA7f616249f7705D945", "A", "E", "0xA3c322Ad15218fBFAEd26bA7f616249f7705D945", 18, NULL);INSERT INTO assets(identifier,type, started, swapped_for) VALUES("eip155:137/erc20:0xA3c322Ad15218fBFAEd26bA7f616249f7705D945", "C", NULL, NULL); INSERT INTO common_asset_details(identifier, name, symbol, coingecko, cryptocompare, forked) VALUES("eip155:137/erc20:0xA3c322Ad15218fBFAEd26bA7f616249f7705D945", "Metaverse (PoS)", "MV", "gensokishis-metaverse", "MV", NULL);
INSERT INTO evm_tokens(identifier, token_kind, chain, address, decimals, protocol) VALUES("eip155:137/erc20:0xa3eD22EEE92a3872709823a6970069e12A4540Eb", "A", "E", "0xa3eD22EEE92a3872709823a6970069e12A4540Eb", 18, NULL);INSERT INTO assets(identifier,type, started, swapped_for) VALUES("eip155:137/erc20:0xa3eD22EEE92a3872709823a6970069e12A4540Eb", "C", NULL, NULL); INSERT INTO common_asset_details(identifier, name, symbol, coingecko, cryptocompare, forked) VALUES("eip155:137/erc20:0xa3eD22EEE92a3872709823a6970069e12A4540Eb", "Frontier Token", "FRONT", "frontier-token", "", NULL);
INSERT INTO evm_tokens(identifier, token_kind, chain, address, decimals, protocol) VALUES("eip155:137/erc20:0xA4Ce4a467E51aEfEc683a649C3F14427f104667f", "A", "E", "0xA4Ce4a467E51aEfEc683a649C3F14427f104667f", 18, NULL);INSERT INTO assets(identifier,type, started, swapped_for) VALUES("eip155:137/erc20:0xA4Ce4a467E51aEfEc683a649C3F14427f104667f", "C", NULL, NULL); INSERT INTO common_asset_details(identifier, name, symbol, coingecko, cryptocompare, forked) VALUES("eip155:137/erc20:0xA4Ce4a467E51aEfEc683a649C3F14427f104667f", "ONSTON", "ONSTON", "onston", "ONSTON", NULL);
INSERT INTO evm_tokens(identifier, token_kind, chain, address, decimals, protocol) VALUES("eip155:137/erc20:0xA55870278d6389ec5B524553D03C04F5677c061E", "A", "E", "0xA55870278d6389ec5B524553D03C04F5677c061E", 18, NULL);INSERT INTO assets(identifier,type, started, swapped_for) VALUES("eip155:137/erc20:0xA55870278d6389ec5B524553D03C04F5677c061E", "C", NULL, NULL); INSERT INTO common_asset_details(identifier, name, symbol, coingecko, cryptocompare, forked) VALUES("eip155:137/erc20:0xA55870278d6389ec5B524553D03C04F5677c061E", "XCAD Token (PoS)", "XCAD", "xcad-network", "XCAD", NULL);
INSERT INTO evm_tokens(identifier, token_kind, chain, address, decimals, protocol) VALUES("eip155:137/erc20:0xa6b37fC85d870711C56FbcB8afe2f8dB049AE774", "A", "E", "0xa6b37fC85d870711C56FbcB8afe2f8dB049AE774", 18, NULL);INSERT INTO assets(identifier,type, started, swapped_for) VALUES("eip155:137/erc20:0xa6b37fC85d870711C56FbcB8afe2f8dB049AE774", "C", NULL, NULL); INSERT INTO common_asset_details(identifier, name, symbol, coingecko, cryptocompare, forked) VALUES("eip155:137/erc20:0xa6b37fC85d870711C56FbcB8afe2f8dB049AE774", "PILLAR (PoS)", "PLR", "pillar", "", NULL);
INSERT INTO evm_tokens(identifier, token_kind, chain, address, decimals, protocol) VALUES("eip155:137/erc20:0xAa9654BECca45B5BDFA5ac646c939C62b527D394", "A", "E", "0xAa9654BECca45B5BDFA5ac646c939C62b527D394", 18, NULL);INSERT INTO assets(identifier,type, started, swapped_for) VALUES("eip155:137/erc20:0xAa9654BECca45B5BDFA5ac646c939C62b527D394", "C", NULL, NULL); INSERT INTO common_asset_details(identifier, name, symbol, coingecko, cryptocompare, forked) VALUES("eip155:137/erc20:0xAa9654BECca45B5BDFA5ac646c939C62b527D394", "DinoSwap (PoS)", "DINO", "dinoswap", "DINO", NULL);
INSERT INTO evm_tokens(identifier, token_kind, chain, address, decimals, protocol) VALUES("eip155:137/erc20:0xAB5F7a0e20b0d056Aed4Aa4528C78da45BE7308b", "A", "E", "0xAB5F7a0e20b0d056Aed4Aa4528C78da45BE7308b", 18, NULL);INSERT INTO assets(identifier,type, started, swapped_for) VALUES("eip155:137/erc20:0xAB5F7a0e20b0d056Aed4Aa4528C78da45BE7308b", "C", NULL, NULL); INSERT INTO common_asset_details(identifier, name, symbol, coingecko, cryptocompare, forked) VALUES("eip155:137/erc20:0xAB5F7a0e20b0d056Aed4Aa4528C78da45BE7308b", "Imported GBYTE", "GBYTE", "byteball", "", NULL);
INSERT INTO evm_tokens(identifier, token_kind, chain, address, decimals, protocol) VALUES("eip155:137/erc20:0xad5dc12E88C6534Eea8cFe2265851D9d4A1472AD", "A", "E", "0xad5dc12E88C6534Eea8cFe2265851D9d4A1472AD", 18, NULL);INSERT INTO assets(identifier,type, started, swapped_for) VALUES("eip155:137/erc20:0xad5dc12E88C6534Eea8cFe2265851D9d4A1472AD", "C", NULL, NULL); INSERT INTO common_asset_details(identifier, name, symbol, coingecko, cryptocompare, forked) VALUES("eip155:137/erc20:0xad5dc12E88C6534Eea8cFe2265851D9d4A1472AD", "FalconSwap Token (PoS)", "FSW", "fsw-token", "", NULL);
INSERT INTO evm_tokens(identifier, token_kind, chain, address, decimals, protocol) VALUES("eip155:137/erc20:0xad684e79CE4b6D464f2Ff7c3FD51646892e24b96", "A", "E", "0xad684e79CE4b6D464f2Ff7c3FD51646892e24b96", 4, NULL);INSERT INTO assets(identifier,type, started, swapped_for) VALUES("eip155:137/erc20:0xad684e79CE4b6D464f2Ff7c3FD51646892e24b96", "C", NULL, NULL); INSERT INTO common_asset_details(identifier, name, symbol, coingecko, cryptocompare, forked) VALUES("eip155:137/erc20:0xad684e79CE4b6D464f2Ff7c3FD51646892e24b96", "Autonio (PoS)", "NIOX", "autonio", "AUTON", NULL);
INSERT INTO evm_tokens(identifier, token_kind, chain, address, decimals, protocol) VALUES("eip155:137/erc20:0xaECeBfcF604AD245Eaf0D5BD68459C3a7A6399c2", "A", "E", "0xaECeBfcF604AD245Eaf0D5BD68459C3a7A6399c2", 18, NULL);INSERT INTO assets(identifier,type, started, swapped_for) VALUES("eip155:137/erc20:0xaECeBfcF604AD245Eaf0D5BD68459C3a7A6399c2", "C", NULL, NULL); INSERT INTO common_asset_details(identifier, name, symbol, coingecko, cryptocompare, forked) VALUES("eip155:137/erc20:0xaECeBfcF604AD245Eaf0D5BD68459C3a7A6399c2", "RAMP (PoS)", "RAMP", "ramp", "RAMP", NULL);
INSERT INTO evm_tokens(identifier, token_kind, chain, address, decimals, protocol) VALUES("eip155:137/erc20:0xAF24765F631C8830B5528B57002241eE7eef1C14", "A", "E", "0xAF24765F631C8830B5528B57002241eE7eef1C14", 6, NULL);INSERT INTO assets(identifier,type, started, swapped_for) VALUES("eip155:137/erc20:0xAF24765F631C8830B5528B57002241eE7eef1C14", "C", NULL, NULL); INSERT INTO common_asset_details(identifier, name, symbol, coingecko, cryptocompare, forked) VALUES("eip155:137/erc20:0xAF24765F631C8830B5528B57002241eE7eef1C14", "IOI Token", "IOI", "ioi-token", "IOI", NULL);
INSERT INTO evm_tokens(identifier, token_kind, chain, address, decimals, protocol) VALUES("eip155:137/erc20:0xB140665ddE25c644c6B418e417C930dE8A8a6Ac9", "A", "E", "0xB140665ddE25c644c6B418e417C930dE8A8a6Ac9", 0, NULL);INSERT INTO assets(identifier,type, started, swapped_for) VALUES("eip155:137/erc20:0xB140665ddE25c644c6B418e417C930dE8A8a6Ac9", "C", NULL, NULL); INSERT INTO common_asset_details(identifier, name, symbol, coingecko, cryptocompare, forked) VALUES("eip155:137/erc20:0xB140665ddE25c644c6B418e417C930dE8A8a6Ac9", "Atari (PoS)", "ATRI", "atari", "ATRI", NULL);
INSERT INTO evm_tokens(identifier, token_kind, chain, address, decimals, protocol) VALUES("eip155:137/erc20:0xb1c5C9b97B35592777091cD34fFff141ae866AbD", "A", "E", "0xb1c5C9b97B35592777091cD34fFff141ae866AbD", 18, NULL);INSERT INTO assets(identifier,type, started, swapped_for) VALUES("eip155:137/erc20:0xb1c5C9b97B35592777091cD34fFff141ae866AbD", "C", NULL, NULL); INSERT INTO common_asset_details(identifier, name, symbol, coingecko, cryptocompare, forked) VALUES("eip155:137/erc20:0xb1c5C9b97B35592777091cD34fFff141ae866AbD", "Wrapped Ubiq", "WUBQ", "ubiq", "", NULL);
INSERT INTO evm_tokens(identifier, token_kind, chain, address, decimals, protocol) VALUES("eip155:137/erc20:0xB25e20De2F2eBb4CfFD4D16a55C7B395e8a94762", "A", "E", "0xB25e20De2F2eBb4CfFD4D16a55C7B395e8a94762", 18, NULL);INSERT INTO assets(identifier,type, started, swapped_for) VALUES("eip155:137/erc20:0xB25e20De2F2eBb4CfFD4D16a55C7B395e8a94762", "C", NULL, NULL); INSERT INTO common_asset_details(identifier, name, symbol, coingecko, cryptocompare, forked) VALUES("eip155:137/erc20:0xB25e20De2F2eBb4CfFD4D16a55C7B395e8a94762", "Request", "REQ", "request-network", "", NULL);
INSERT INTO evm_tokens(identifier, token_kind, chain, address, decimals, protocol) VALUES("eip155:137/erc20:0xb33EaAd8d922B1083446DC23f610c2567fB5180f", "A", "E", "0xb33EaAd8d922B1083446DC23f610c2567fB5180f", 18, NULL);INSERT INTO assets(identifier,type, started, swapped_for) VALUES("eip155:137/erc20:0xb33EaAd8d922B1083446DC23f610c2567fB5180f", "C", NULL, NULL); INSERT INTO common_asset_details(identifier, name, symbol, coingecko, cryptocompare, forked) VALUES("eip155:137/erc20:0xb33EaAd8d922B1083446DC23f610c2567fB5180f", "Uniswap (PoS)", "UNI", "uniswap", "", NULL);
INSERT INTO evm_tokens(identifier, token_kind, chain, address, decimals, protocol) VALUES("eip155:137/erc20:0xB41EC2c036f8a42DA384DDE6ADA79884F8b84b26", "A", "E", "0xB41EC2c036f8a42DA384DDE6ADA79884F8b84b26", 18, NULL);INSERT INTO assets(identifier,type, started, swapped_for) VALUES("eip155:137/erc20:0xB41EC2c036f8a42DA384DDE6ADA79884F8b84b26", "C", NULL, NULL); INSERT INTO common_asset_details(identifier, name, symbol, coingecko, cryptocompare, forked) VALUES("eip155:137/erc20:0xB41EC2c036f8a42DA384DDE6ADA79884F8b84b26", "Tidal Token", "TIDAL", "tidal-finance", "TIDAL", NULL);
INSERT INTO evm_tokens(identifier, token_kind, chain, address, decimals, protocol) VALUES("eip155:137/erc20:0xB9638272aD6998708de56BBC0A290a1dE534a578", "A", "E", "0xB9638272aD6998708de56BBC0A290a1dE534a578", 18, NULL);INSERT INTO assets(identifier,type, started, swapped_for) VALUES("eip155:137/erc20:0xB9638272aD6998708de56BBC0A290a1dE534a578", "C", NULL, NULL); INSERT INTO common_asset_details(identifier, name, symbol, coingecko, cryptocompare, forked) VALUES("eip155:137/erc20:0xB9638272aD6998708de56BBC0A290a1dE534a578", "Everipedia IQ (PoS)", "IQ", "everipedia", "", NULL);
INSERT INTO evm_tokens(identifier, token_kind, chain, address, decimals, protocol) VALUES("eip155:137/erc20:0xbA3CB8329D442E6F9Eb70fafe1E214251df3D275", "A", "E", "0xbA3CB8329D442E6F9Eb70fafe1E214251df3D275", 18, NULL);INSERT INTO assets(identifier,type, started, swapped_for) VALUES("eip155:137/erc20:0xbA3CB8329D442E6F9Eb70fafe1E214251df3D275", "C", NULL, NULL); INSERT INTO common_asset_details(identifier, name, symbol, coingecko, cryptocompare, forked) VALUES("eip155:137/erc20:0xbA3CB8329D442E6F9Eb70fafe1E214251df3D275", "Swash Token", "SWASH", "swash", "SWASH", NULL);
INSERT INTO evm_tokens(identifier, token_kind, chain, address, decimals, protocol) VALUES("eip155:137/erc20:0xBbba073C31bF03b8ACf7c28EF0738DeCF3695683", "A", "E", "0xBbba073C31bF03b8ACf7c28EF0738DeCF3695683", 18, NULL);INSERT INTO assets(identifier,type, started, swapped_for) VALUES("eip155:137/erc20:0xBbba073C31bF03b8ACf7c28EF0738DeCF3695683", "C", NULL, NULL); INSERT INTO common_asset_details(identifier, name, symbol, coingecko, cryptocompare, forked) VALUES("eip155:137/erc20:0xBbba073C31bF03b8ACf7c28EF0738DeCF3695683", "SAND", "SAND", "the-sandbox", "", NULL);
INSERT INTO evm_tokens(identifier, token_kind, chain, address, decimals, protocol) VALUES("eip155:137/erc20:0xbE5cf150E1fF59ca7F2499Eaa13BFC40AAE70e78", "A", "E", "0xbE5cf150E1fF59ca7F2499Eaa13BFC40AAE70e78", 18, NULL);INSERT INTO assets(identifier,type, started, swapped_for) VALUES("eip155:137/erc20:0xbE5cf150E1fF59ca7F2499Eaa13BFC40AAE70e78", "C", NULL, NULL); INSERT INTO common_asset_details(identifier, name, symbol, coingecko, cryptocompare, forked) VALUES("eip155:137/erc20:0xbE5cf150E1fF59ca7F2499Eaa13BFC40AAE70e78", "Glitch (PoS)", "GLCH", "glitch-protocol", "GLCH", NULL);
INSERT INTO evm_tokens(identifier, token_kind, chain, address, decimals, protocol) VALUES("eip155:137/erc20:0xC168E40227E4ebD8C1caE80F7a55a4F0e6D66C97", "A", "E", "0xC168E40227E4ebD8C1caE80F7a55a4F0e6D66C97", 18, NULL);INSERT INTO assets(identifier,type, started, swapped_for) VALUES("eip155:137/erc20:0xC168E40227E4ebD8C1caE80F7a55a4F0e6D66C97", "C", NULL, NULL); INSERT INTO common_asset_details(identifier, name, symbol, coingecko, cryptocompare, forked) VALUES("eip155:137/erc20:0xC168E40227E4ebD8C1caE80F7a55a4F0e6D66C97", "DFYN Token (PoS)", "DFYN", "dfyn-network", "DFYN", NULL);
INSERT INTO evm_tokens(identifier, token_kind, chain, address, decimals, protocol) VALUES("eip155:137/erc20:0xc2132D05D31c914a87C6611C10748AEb04B58e8F", "A", "E", "0xc2132D05D31c914a87C6611C10748AEb04B58e8F", 6, NULL);INSERT INTO assets(identifier,type, started, swapped_for) VALUES("eip155:137/erc20:0xc2132D05D31c914a87C6611C10748AEb04B58e8F", "C", NULL, NULL); INSERT INTO common_asset_details(identifier, name, symbol, coingecko, cryptocompare, forked) VALUES("eip155:137/erc20:0xc2132D05D31c914a87C6611C10748AEb04B58e8F", "(PoS) Tether USD", "USDT", "tether", "", NULL);
INSERT INTO evm_tokens(identifier, token_kind, chain, address, decimals, protocol) VALUES("eip155:137/erc20:0xC3C7d422809852031b44ab29EEC9F1EfF2A58756", "A", "E", "0xC3C7d422809852031b44ab29EEC9F1EfF2A58756", 18, NULL);INSERT INTO assets(identifier,type, started, swapped_for) VALUES("eip155:137/erc20:0xC3C7d422809852031b44ab29EEC9F1EfF2A58756", "C", NULL, NULL); INSERT INTO common_asset_details(identifier, name, symbol, coingecko, cryptocompare, forked) VALUES("eip155:137/erc20:0xC3C7d422809852031b44ab29EEC9F1EfF2A58756", "Lido DAO Token (PoS)", "LDO", "lido-dao", "", NULL);
INSERT INTO evm_tokens(identifier, token_kind, chain, address, decimals, protocol) VALUES("eip155:137/erc20:0xc3cFFDAf8F3fdF07da6D5e3A89B8723D5E385ff8", "A", "E", "0xc3cFFDAf8F3fdF07da6D5e3A89B8723D5E385ff8", 18, NULL);INSERT INTO assets(identifier,type, started, swapped_for) VALUES("eip155:137/erc20:0xc3cFFDAf8F3fdF07da6D5e3A89B8723D5E385ff8", "C", NULL, NULL); INSERT INTO common_asset_details(identifier, name, symbol, coingecko, cryptocompare, forked) VALUES("eip155:137/erc20:0xc3cFFDAf8F3fdF07da6D5e3A89B8723D5E385ff8", "Rubic (PoS)", "RBC", "rubic", "RBC", NULL);
INSERT INTO evm_tokens(identifier, token_kind, chain, address, decimals, protocol) VALUES("eip155:137/erc20:0xC3Ec80343D2bae2F8E680FDADDe7C17E71E114ea", "A", "E", "0xC3Ec80343D2bae2F8E680FDADDe7C17E71E114ea", 18, NULL);INSERT INTO assets(identifier,type, started, swapped_for) VALUES("eip155:137/erc20:0xC3Ec80343D2bae2F8E680FDADDe7C17E71E114ea", "C", NULL, NULL); INSERT INTO common_asset_details(identifier, name, symbol, coingecko, cryptocompare, forked) VALUES("eip155:137/erc20:0xC3Ec80343D2bae2F8E680FDADDe7C17E71E114ea", "MANTRA DAO", "OM", "mantra-dao", "", NULL);
INSERT INTO evm_tokens(identifier, token_kind, chain, address, decimals, protocol) VALUES("eip155:137/erc20:0xC46A37fBBe433EF24bc7b9388C8728DDcf3cA87c", "A", "E", "0xC46A37fBBe433EF24bc7b9388C8728DDcf3cA87c", 18, NULL);INSERT INTO assets(identifier,type, started, swapped_for) VALUES("eip155:137/erc20:0xC46A37fBBe433EF24bc7b9388C8728DDcf3cA87c", "C", NULL, NULL); INSERT INTO common_asset_details(identifier, name, symbol, coingecko, cryptocompare, forked) VALUES("eip155:137/erc20:0xC46A37fBBe433EF24bc7b9388C8728DDcf3cA87c", "Mainstream For The Underground", "MFTU", "mainstream-for-the-underground", "", NULL);
INSERT INTO evm_tokens(identifier, token_kind, chain, address, decimals, protocol) VALUES("eip155:137/erc20:0xc748B2A084F8eFc47E086ccdDD9b7e67aEb571BF", "A", "E", "0xc748B2A084F8eFc47E086ccdDD9b7e67aEb571BF", 18, NULL);INSERT INTO assets(identifier,type, started, swapped_for) VALUES("eip155:137/erc20:0xc748B2A084F8eFc47E086ccdDD9b7e67aEb571BF", "C", NULL, NULL); INSERT INTO common_asset_details(identifier, name, symbol, coingecko, cryptocompare, forked) VALUES("eip155:137/erc20:0xc748B2A084F8eFc47E086ccdDD9b7e67aEb571BF", "Human Token (PoS)", "HMT", "human-protocol", "HMT", NULL);
INSERT INTO evm_tokens(identifier, token_kind, chain, address, decimals, protocol) VALUES("eip155:137/erc20:0xC8E36f0a44fBecA89FdD5970439cBe62EB4b5d03", "A", "E", "0xC8E36f0a44fBecA89FdD5970439cBe62EB4b5d03", 18, NULL);INSERT INTO assets(identifier,type, started, swapped_for) VALUES("eip155:137/erc20:0xC8E36f0a44fBecA89FdD5970439cBe62EB4b5d03", "C", NULL, NULL); INSERT INTO common_asset_details(identifier, name, symbol, coingecko, cryptocompare, forked) VALUES("eip155:137/erc20:0xC8E36f0a44fBecA89FdD5970439cBe62EB4b5d03", "AdEx Network", "ADX", "adex", "", NULL);
INSERT INTO evm_tokens(identifier, token_kind, chain, address, decimals, protocol) VALUES("eip155:137/erc20:0xce6bF09e5c7A3E65B84F88DcC6475c88d38BA5eF", "A", "E", "0xce6bF09e5c7A3E65B84F88DcC6475c88d38BA5eF", 18, NULL);INSERT INTO assets(identifier,type, started, swapped_for) VALUES("eip155:137/erc20:0xce6bF09e5c7A3E65B84F88DcC6475c88d38BA5eF", "C", NULL, NULL); INSERT INTO common_asset_details(identifier, name, symbol, coingecko, cryptocompare, forked) VALUES("eip155:137/erc20:0xce6bF09e5c7A3E65B84F88DcC6475c88d38BA5eF", "Opacity (PoS)", "OPCT", "opacity", "OPCT", NULL);
INSERT INTO evm_tokens(identifier, token_kind, chain, address, decimals, protocol) VALUES("eip155:137/erc20:0xcf32822ff397Ef82425153a9dcb726E5fF61DCA7", "A", "E", "0xcf32822ff397Ef82425153a9dcb726E5fF61DCA7", 18, NULL);INSERT INTO assets(identifier,type, started, swapped_for) VALUES("eip155:137/erc20:0xcf32822ff397Ef82425153a9dcb726E5fF61DCA7", "C", NULL, NULL); INSERT INTO common_asset_details(identifier, name, symbol, coingecko, cryptocompare, forked) VALUES("eip155:137/erc20:0xcf32822ff397Ef82425153a9dcb726E5fF61DCA7", "GAMEE", "GMEE", "gamee", "GMEE", NULL);
INSERT INTO evm_tokens(identifier, token_kind, chain, address, decimals, protocol) VALUES("eip155:137/erc20:0xcf403036bc139d30080D2Cf0F5b48066F98191bB", "A", "E", "0xcf403036bc139d30080D2Cf0F5b48066F98191bB", 18, NULL);INSERT INTO assets(identifier,type, started, swapped_for) VALUES("eip155:137/erc20:0xcf403036bc139d30080D2Cf0F5b48066F98191bB", "C", NULL, NULL); INSERT INTO common_asset_details(identifier, name, symbol, coingecko, cryptocompare, forked) VALUES("eip155:137/erc20:0xcf403036bc139d30080D2Cf0F5b48066F98191bB", "Stobox Token v.2", "STBU", "stobox-token", "", NULL);
INSERT INTO evm_tokens(identifier, token_kind, chain, address, decimals, protocol) VALUES("eip155:137/erc20:0xd0258a3fD00f38aa8090dfee343f10A9D4d30D3F", "A", "E", "0xd0258a3fD00f38aa8090dfee343f10A9D4d30D3F", 18, NULL);INSERT INTO assets(identifier,type, started, swapped_for) VALUES("eip155:137/erc20:0xd0258a3fD00f38aa8090dfee343f10A9D4d30D3F", "C", NULL, NULL); INSERT INTO common_asset_details(identifier, name, symbol, coingecko, cryptocompare, forked) VALUES("eip155:137/erc20:0xd0258a3fD00f38aa8090dfee343f10A9D4d30D3F", "VOXEL Token", "VOXEL", "voxies", "VOXEL", NULL);
INSERT INTO evm_tokens(identifier, token_kind, chain, address, decimals, protocol) VALUES("eip155:137/erc20:0xD0660cD418a64a1d44E9214ad8e459324D8157f1", "A", "E", "0xD0660cD418a64a1d44E9214ad8e459324D8157f1", 12, NULL);INSERT INTO assets(identifier,type, started, swapped_for) VALUES("eip155:137/erc20:0xD0660cD418a64a1d44E9214ad8e459324D8157f1", "C", NULL, NULL); INSERT INTO common_asset_details(identifier, name, symbol, coingecko, cryptocompare, forked) VALUES("eip155:137/erc20:0xD0660cD418a64a1d44E9214ad8e459324D8157f1", "Woofy", "WOOFY", "woofy", "WOOFY", NULL);
INSERT INTO evm_tokens(identifier, token_kind, chain, address, decimals, protocol) VALUES("eip155:137/erc20:0xd192BAc61522E0Bc13543528173E69c44472c93a", "A", "E", "0xd192BAc61522E0Bc13543528173E69c44472c93a", 18, NULL);INSERT INTO assets(identifier,type, started, swapped_for) VALUES("eip155:137/erc20:0xd192BAc61522E0Bc13543528173E69c44472c93a", "C", NULL, NULL); INSERT INTO common_asset_details(identifier, name, symbol, coingecko, cryptocompare, forked) VALUES("eip155:137/erc20:0xd192BAc61522E0Bc13543528173E69c44472c93a", "VersoView", "VVT", "versoview", "", NULL);
INSERT INTO evm_tokens(identifier, token_kind, chain, address, decimals, protocol) VALUES("eip155:137/erc20:0xd55fCe7CDaB84d84f2EF3F99816D765a2a94a509", "A", "E", "0xd55fCe7CDaB84d84f2EF3F99816D765a2a94a509", 18, NULL);INSERT INTO assets(identifier,type, started, swapped_for) VALUES("eip155:137/erc20:0xd55fCe7CDaB84d84f2EF3F99816D765a2a94a509", "C", NULL, NULL); INSERT INTO common_asset_details(identifier, name, symbol, coingecko, cryptocompare, forked) VALUES("eip155:137/erc20:0xd55fCe7CDaB84d84f2EF3F99816D765a2a94a509", "Chain Games", "CHAIN", "chain-games", "CHAIN", NULL);
INSERT INTO evm_tokens(identifier, token_kind, chain, address, decimals, protocol) VALUES("eip155:137/erc20:0xD6DF932A45C0f255f85145f286eA0b292B21C90B", "A", "E", "0xD6DF932A45C0f255f85145f286eA0b292B21C90B", 18, NULL);INSERT INTO assets(identifier,type, started, swapped_for) VALUES("eip155:137/erc20:0xD6DF932A45C0f255f85145f286eA0b292B21C90B", "C", NULL, NULL); INSERT INTO common_asset_details(identifier, name, symbol, coingecko, cryptocompare, forked) VALUES("eip155:137/erc20:0xD6DF932A45C0f255f85145f286eA0b292B21C90B", "Aave (PoS)", "AAVE", "aave", "", NULL);
INSERT INTO evm_tokens(identifier, token_kind, chain, address, decimals, protocol) VALUES("eip155:137/erc20:0xd7c8469c7eC40f853dA5f651DE81b45aeD47e5aB", "A", "E", "0xd7c8469c7eC40f853dA5f651DE81b45aeD47e5aB", 18, NULL);INSERT INTO assets(identifier,type, started, swapped_for) VALUES("eip155:137/erc20:0xd7c8469c7eC40f853dA5f651DE81b45aeD47e5aB", "C", NULL, NULL); INSERT INTO common_asset_details(identifier, name, symbol, coingecko, cryptocompare, forked) VALUES("eip155:137/erc20:0xd7c8469c7eC40f853dA5f651DE81b45aeD47e5aB", "PotCoin.com POT", "POT", "potcoin", "", NULL);
INSERT INTO evm_tokens(identifier, token_kind, chain, address, decimals, protocol) VALUES("eip155:137/erc20:0xD85d1e945766Fea5Eda9103F918Bd915FbCa63E6", "A", "E", "0xD85d1e945766Fea5Eda9103F918Bd915FbCa63E6", 4, NULL);INSERT INTO assets(identifier,type, started, swapped_for) VALUES("eip155:137/erc20:0xD85d1e945766Fea5Eda9103F918Bd915FbCa63E6", "C", NULL, NULL); INSERT INTO common_asset_details(identifier, name, symbol, coingecko, cryptocompare, forked) VALUES("eip155:137/erc20:0xD85d1e945766Fea5Eda9103F918Bd915FbCa63E6", "Celsius", "CEL", "celsius-degree-token", "", NULL);
INSERT INTO evm_tokens(identifier, token_kind, chain, address, decimals, protocol) VALUES("eip155:137/erc20:0xd99baFe5031cC8B345cb2e8c80135991F12D7130", "A", "E", "0xd99baFe5031cC8B345cb2e8c80135991F12D7130", 18, NULL);INSERT INTO assets(identifier,type, started, swapped_for) VALUES("eip155:137/erc20:0xd99baFe5031cC8B345cb2e8c80135991F12D7130", "C", NULL, NULL); INSERT INTO common_asset_details(identifier, name, symbol, coingecko, cryptocompare, forked) VALUES("eip155:137/erc20:0xd99baFe5031cC8B345cb2e8c80135991F12D7130", "Ferrum Network Token", "FRM", "ferrum-network", "", NULL);
INSERT INTO evm_tokens(identifier, token_kind, chain, address, decimals, protocol) VALUES("eip155:137/erc20:0xDA537104D6A5edd53c6fBba9A898708E465260b6", "A", "E", "0xDA537104D6A5edd53c6fBba9A898708E465260b6", 18, NULL);INSERT INTO assets(identifier,type, started, swapped_for) VALUES("eip155:137/erc20:0xDA537104D6A5edd53c6fBba9A898708E465260b6", "C", NULL, NULL); INSERT INTO common_asset_details(identifier, name, symbol, coingecko, cryptocompare, forked) VALUES("eip155:137/erc20:0xDA537104D6A5edd53c6fBba9A898708E465260b6", "(PoS) yearn.finance", "YFI", "yearn-finance", "", NULL);
INSERT INTO evm_tokens(identifier, token_kind, chain, address, decimals, protocol) VALUES("eip155:137/erc20:0xDa5949544aAf6124D06F398BFdE4C86Cc33B0Ee7", "A", "E", "0xDa5949544aAf6124D06F398BFdE4C86Cc33B0Ee7", 18, NULL);INSERT INTO assets(identifier,type, started, swapped_for) VALUES("eip155:137/erc20:0xDa5949544aAf6124D06F398BFdE4C86Cc33B0Ee7", "C", NULL, NULL); INSERT INTO common_asset_details(identifier, name, symbol, coingecko, cryptocompare, forked) VALUES("eip155:137/erc20:0xDa5949544aAf6124D06F398BFdE4C86Cc33B0Ee7", "CyberFM Radio", "CYFM", "cyberfm", "", NULL);
INSERT INTO evm_tokens(identifier, token_kind, chain, address, decimals, protocol) VALUES("eip155:137/erc20:0xdAb529f40E671A1D4bF91361c21bf9f0C9712ab7", "A", "E", "0xdAb529f40E671A1D4bF91361c21bf9f0C9712ab7", 18, NULL);INSERT INTO assets(identifier,type, started, swapped_for) VALUES("eip155:137/erc20:0xdAb529f40E671A1D4bF91361c21bf9f0C9712ab7", "C", NULL, NULL); INSERT INTO common_asset_details(identifier, name, symbol, coingecko, cryptocompare, forked) VALUES("eip155:137/erc20:0xdAb529f40E671A1D4bF91361c21bf9f0C9712ab7", "binance-usd", "BUSD", "binance-usd", "", NULL);
INSERT INTO evm_tokens(identifier, token_kind, chain, address, decimals, protocol) VALUES("eip155:137/erc20:0xdb725f82818De83e99F1dAc22A9b5B51d3d04DD4", "A", "E", "0xdb725f82818De83e99F1dAc22A9b5B51d3d04DD4", 18, NULL);INSERT INTO assets(identifier,type, started, swapped_for) VALUES("eip155:137/erc20:0xdb725f82818De83e99F1dAc22A9b5B51d3d04DD4", "C", NULL, NULL); INSERT INTO common_asset_details(identifier, name, symbol, coingecko, cryptocompare, forked) VALUES("eip155:137/erc20:0xdb725f82818De83e99F1dAc22A9b5B51d3d04DD4", "Guaranteed Entrance Token", "GET", "get-token", "", NULL);
INSERT INTO evm_tokens(identifier, token_kind, chain, address, decimals, protocol) VALUES("eip155:137/erc20:0xDB7Cb471dd0b49b29CAB4a1C14d070f27216a0Ab", "A", "E", "0xDB7Cb471dd0b49b29CAB4a1C14d070f27216a0Ab", 18, NULL);INSERT INTO assets(identifier,type, started, swapped_for) VALUES("eip155:137/erc20:0xDB7Cb471dd0b49b29CAB4a1C14d070f27216a0Ab", "C", NULL, NULL); INSERT INTO common_asset_details(identifier, name, symbol, coingecko, cryptocompare, forked) VALUES("eip155:137/erc20:0xDB7Cb471dd0b49b29CAB4a1C14d070f27216a0Ab", "Bankless Token (PoS)", "BANK", "bankless-dao", "", NULL);
INSERT INTO evm_tokens(identifier, token_kind, chain, address, decimals, protocol) VALUES("eip155:137/erc20:0xDBf31dF14B66535aF65AaC99C32e9eA844e14501", "A", "E", "0xDBf31dF14B66535aF65AaC99C32e9eA844e14501", 8, NULL);INSERT INTO assets(identifier,type, started, swapped_for) VALUES("eip155:137/erc20:0xDBf31dF14B66535aF65AaC99C32e9eA844e14501", "C", NULL, NULL); INSERT INTO common_asset_details(identifier, name, symbol, coingecko, cryptocompare, forked) VALUES("eip155:137/erc20:0xDBf31dF14B66535aF65AaC99C32e9eA844e14501", "renBTC", "renBTC", "renbtc", "", NULL);
INSERT INTO evm_tokens(identifier, token_kind, chain, address, decimals, protocol) VALUES("eip155:137/erc20:0xdF7837DE1F2Fa4631D716CF2502f8b230F1dcc32", "A", "E", "0xdF7837DE1F2Fa4631D716CF2502f8b230F1dcc32", 2, NULL);INSERT INTO assets(identifier,type, started, swapped_for) VALUES("eip155:137/erc20:0xdF7837DE1F2Fa4631D716CF2502f8b230F1dcc32", "C", NULL, NULL); INSERT INTO common_asset_details(identifier, name, symbol, coingecko, cryptocompare, forked) VALUES("eip155:137/erc20:0xdF7837DE1F2Fa4631D716CF2502f8b230F1dcc32", "Telcoin", "TEL", "telcoin", "", NULL);
INSERT INTO evm_tokens(identifier, token_kind, chain, address, decimals, protocol) VALUES("eip155:137/erc20:0xE0339c80fFDE91F3e20494Df88d4206D86024cdF", "A", "E", "0xE0339c80fFDE91F3e20494Df88d4206D86024cdF", 18, NULL);INSERT INTO assets(identifier,type, started, swapped_for) VALUES("eip155:137/erc20:0xE0339c80fFDE91F3e20494Df88d4206D86024cdF", "C", NULL, NULL); INSERT INTO common_asset_details(identifier, name, symbol, coingecko, cryptocompare, forked) VALUES("eip155:137/erc20:0xE0339c80fFDE91F3e20494Df88d4206D86024cdF", "Dogelon", "ELON", "dogelon-mars", "ELON", NULL);
INSERT INTO evm_tokens(identifier, token_kind, chain, address, decimals, protocol) VALUES("eip155:137/erc20:0xe0cCa86B254005889aC3a81e737f56a14f4A38F5", "A", "E", "0xe0cCa86B254005889aC3a81e737f56a14f4A38F5", 18, NULL);INSERT INTO assets(identifier,type, started, swapped_for) VALUES("eip155:137/erc20:0xe0cCa86B254005889aC3a81e737f56a14f4A38F5", "C", NULL, NULL); INSERT INTO common_asset_details(identifier, name, symbol, coingecko, cryptocompare, forked) VALUES("eip155:137/erc20:0xe0cCa86B254005889aC3a81e737f56a14f4A38F5", "Alta Finance", "ALTA", "alta-finance", "", NULL);
INSERT INTO evm_tokens(identifier, token_kind, chain, address, decimals, protocol) VALUES("eip155:137/erc20:0xE111178A87A3BFf0c8d18DECBa5798827539Ae99", "A", "E", "0xE111178A87A3BFf0c8d18DECBa5798827539Ae99", 2, NULL);INSERT INTO assets(identifier,type, started, swapped_for) VALUES("eip155:137/erc20:0xE111178A87A3BFf0c8d18DECBa5798827539Ae99", "C", NULL, NULL); INSERT INTO common_asset_details(identifier, name, symbol, coingecko, cryptocompare, forked) VALUES("eip155:137/erc20:0xE111178A87A3BFf0c8d18DECBa5798827539Ae99", "STASIS EURS Token", "EURS", "stasis-eurs", "", NULL);
INSERT INTO evm_tokens(identifier, token_kind, chain, address, decimals, protocol) VALUES("eip155:137/erc20:0xE1C42BE9699Ff4E11674819c1885D43Bd92E9D15", "A", "E", "0xE1C42BE9699Ff4E11674819c1885D43Bd92E9D15", 18, NULL);INSERT INTO assets(identifier,type, started, swapped_for) VALUES("eip155:137/erc20:0xE1C42BE9699Ff4E11674819c1885D43Bd92E9D15", "C", NULL, NULL); INSERT INTO common_asset_details(identifier, name, symbol, coingecko, cryptocompare, forked) VALUES("eip155:137/erc20:0xE1C42BE9699Ff4E11674819c1885D43Bd92E9D15", "Torum (PoS)", "XTM", "torum", "XTM", NULL);
INSERT INTO evm_tokens(identifier, token_kind, chain, address, decimals, protocol) VALUES("eip155:137/erc20:0xe20B9e246db5a0d21BF9209E4858Bc9A3ff7A034", "A", "E", "0xe20B9e246db5a0d21BF9209E4858Bc9A3ff7A034", 18, NULL);INSERT INTO assets(identifier,type, started, swapped_for) VALUES("eip155:137/erc20:0xe20B9e246db5a0d21BF9209E4858Bc9A3ff7A034", "C", NULL, NULL); INSERT INTO common_asset_details(identifier, name, symbol, coingecko, cryptocompare, forked) VALUES("eip155:137/erc20:0xe20B9e246db5a0d21BF9209E4858Bc9A3ff7A034", "Wrapped Banano", "wBAN", "banano", "", NULL);
INSERT INTO evm_tokens(identifier, token_kind, chain, address, decimals, protocol) VALUES("eip155:137/erc20:0xe46F5128B933e5A6F907Fe73EcE80059c222DB0A", "A", "E", "0xe46F5128B933e5A6F907Fe73EcE80059c222DB0A", 18, NULL);INSERT INTO assets(identifier,type, started, swapped_for) VALUES("eip155:137/erc20:0xe46F5128B933e5A6F907Fe73EcE80059c222DB0A", "C", NULL, NULL); INSERT INTO common_asset_details(identifier, name, symbol, coingecko, cryptocompare, forked) VALUES("eip155:137/erc20:0xe46F5128B933e5A6F907Fe73EcE80059c222DB0A", "dotmoovs (PoS)", "MOOV", "dotmoovs", "MOOV", NULL);
INSERT INTO evm_tokens(identifier, token_kind, chain, address, decimals, protocol) VALUES("eip155:137/erc20:0xe4Bf2864ebeC7B7fDf6Eeca9BaCAe7cDfDAffe78", "A", "E", "0xe4Bf2864ebeC7B7fDf6Eeca9BaCAe7cDfDAffe78", 18, NULL);INSERT INTO assets(identifier,type, started, swapped_for) VALUES("eip155:137/erc20:0xe4Bf2864ebeC7B7fDf6Eeca9BaCAe7cDfDAffe78", "C", NULL, NULL); INSERT INTO common_asset_details(identifier, name, symbol, coingecko, cryptocompare, forked) VALUES("eip155:137/erc20:0xe4Bf2864ebeC7B7fDf6Eeca9BaCAe7cDfDAffe78", "DODO bird (PoS)", "DODO", "dodo", "", NULL);
INSERT INTO evm_tokens(identifier, token_kind, chain, address, decimals, protocol) VALUES("eip155:137/erc20:0xE613a914bbb433855378183c3aB13003285da40A", "A", "E", "0xE613a914bbb433855378183c3aB13003285da40A", 18, NULL);INSERT INTO assets(identifier,type, started, swapped_for) VALUES("eip155:137/erc20:0xE613a914bbb433855378183c3aB13003285da40A", "C", NULL, NULL); INSERT INTO common_asset_details(identifier, name, symbol, coingecko, cryptocompare, forked) VALUES("eip155:137/erc20:0xE613a914bbb433855378183c3aB13003285da40A", "Bit2Me", "B2M", "bit2me", "B2M", NULL);
INSERT INTO evm_tokens(identifier, token_kind, chain, address, decimals, protocol) VALUES("eip155:137/erc20:0xE6B9d092223f39013656702A40dbE6B7DeCc5746", "A", "E", "0xE6B9d092223f39013656702A40dbE6B7DeCc5746", 18, NULL);INSERT INTO assets(identifier,type, started, swapped_for) VALUES("eip155:137/erc20:0xE6B9d092223f39013656702A40dbE6B7DeCc5746", "C", NULL, NULL); INSERT INTO common_asset_details(identifier, name, symbol, coingecko, cryptocompare, forked) VALUES("eip155:137/erc20:0xE6B9d092223f39013656702A40dbE6B7DeCc5746", "FevrToken", "FEVR", "realfevr", "FEVR", NULL);
INSERT INTO evm_tokens(identifier, token_kind, chain, address, decimals, protocol) VALUES("eip155:137/erc20:0xeDd6cA8A4202d4a36611e2fff109648c4863ae19", "A", "E", "0xeDd6cA8A4202d4a36611e2fff109648c4863ae19", 18, NULL);INSERT INTO assets(identifier,type, started, swapped_for) VALUES("eip155:137/erc20:0xeDd6cA8A4202d4a36611e2fff109648c4863ae19", "C", NULL, NULL); INSERT INTO common_asset_details(identifier, name, symbol, coingecko, cryptocompare, forked) VALUES("eip155:137/erc20:0xeDd6cA8A4202d4a36611e2fff109648c4863ae19", "MahaDAO (PoS)", "MAHA", "mahadao", "MAHA", NULL);
INSERT INTO evm_tokens(identifier, token_kind, chain, address, decimals, protocol) VALUES("eip155:137/erc20:0xEE800B277A96B0f490a1A732e1D6395FAD960A26", "A", "E", "0xEE800B277A96B0f490a1A732e1D6395FAD960A26", 18, NULL);INSERT INTO assets(identifier,type, started, swapped_for) VALUES("eip155:137/erc20:0xEE800B277A96B0f490a1A732e1D6395FAD960A26", "C", NULL, NULL); INSERT INTO common_asset_details(identifier, name, symbol, coingecko, cryptocompare, forked) VALUES("eip155:137/erc20:0xEE800B277A96B0f490a1A732e1D6395FAD960A26", "ARPA Token (PoS)", "ARPA", "arpa-chain", "", NULL);
INSERT INTO evm_tokens(identifier, token_kind, chain, address, decimals, protocol) VALUES("eip155:137/erc20:0xEe9801669C6138E84bD50dEB500827b776777d28", "A", "E", "0xEe9801669C6138E84bD50dEB500827b776777d28", 18, NULL);INSERT INTO assets(identifier,type, started, swapped_for) VALUES("eip155:137/erc20:0xEe9801669C6138E84bD50dEB500827b776777d28", "C", NULL, NULL); INSERT INTO common_asset_details(identifier, name, symbol, coingecko, cryptocompare, forked) VALUES("eip155:137/erc20:0xEe9801669C6138E84bD50dEB500827b776777d28", "O3 Swap Token", "O3", "o3-swap", "O3", NULL);
INSERT INTO evm_tokens(identifier, token_kind, chain, address, decimals, protocol) VALUES("eip155:137/erc20:0xef938b6da8576a896f6E0321ef80996F4890f9c4", "A", "E", "0xef938b6da8576a896f6E0321ef80996F4890f9c4", 18, NULL);INSERT INTO assets(identifier,type, started, swapped_for) VALUES("eip155:137/erc20:0xef938b6da8576a896f6E0321ef80996F4890f9c4", "C", NULL, NULL); INSERT INTO common_asset_details(identifier, name, symbol, coingecko, cryptocompare, forked) VALUES("eip155:137/erc20:0xef938b6da8576a896f6E0321ef80996F4890f9c4", "Decentral Games (PoS)", "DG", "decentral-games", "DG", NULL);
INSERT INTO evm_tokens(identifier, token_kind, chain, address, decimals, protocol) VALUES("eip155:137/erc20:0xf1c1A3C2481A3a8A3f173A9ab5Ade275292A6fA3", "A", "E", "0xf1c1A3C2481A3a8A3f173A9ab5Ade275292A6fA3", 18, NULL);INSERT INTO assets(identifier,type, started, swapped_for) VALUES("eip155:137/erc20:0xf1c1A3C2481A3a8A3f173A9ab5Ade275292A6fA3", "C", NULL, NULL); INSERT INTO common_asset_details(identifier, name, symbol, coingecko, cryptocompare, forked) VALUES("eip155:137/erc20:0xf1c1A3C2481A3a8A3f173A9ab5Ade275292A6fA3", "BLOCKv", "VEE", "blockv", "", NULL);
INSERT INTO evm_tokens(identifier, token_kind, chain, address, decimals, protocol) VALUES("eip155:137/erc20:0xf2ae0038696774d65E67892c9D301C5f2CbbDa58", "A", "E", "0xf2ae0038696774d65E67892c9D301C5f2CbbDa58", 18, NULL);INSERT INTO assets(identifier,type, started, swapped_for) VALUES("eip155:137/erc20:0xf2ae0038696774d65E67892c9D301C5f2CbbDa58", "C", NULL, NULL); INSERT INTO common_asset_details(identifier, name, symbol, coingecko, cryptocompare, forked) VALUES("eip155:137/erc20:0xf2ae0038696774d65E67892c9D301C5f2CbbDa58", "CargoX", "CXO", "cargox", "", NULL);
INSERT INTO evm_tokens(identifier, token_kind, chain, address, decimals, protocol) VALUES("eip155:137/erc20:0xF501dd45a1198C2E1b5aEF5314A68B9006D842E0", "A", "E", "0xF501dd45a1198C2E1b5aEF5314A68B9006D842E0", 18, NULL);INSERT INTO assets(identifier,type, started, swapped_for) VALUES("eip155:137/erc20:0xF501dd45a1198C2E1b5aEF5314A68B9006D842E0", "C", NULL, NULL); INSERT INTO common_asset_details(identifier, name, symbol, coingecko, cryptocompare, forked) VALUES("eip155:137/erc20:0xF501dd45a1198C2E1b5aEF5314A68B9006D842E0", "Meta", "MTA", "meta", "", NULL);
INSERT INTO evm_tokens(identifier, token_kind, chain, address, decimals, protocol) VALUES("eip155:137/erc20:0xF6F85b3f9fd581C2eE717c404F7684486F057F95", "A", "E", "0xF6F85b3f9fd581C2eE717c404F7684486F057F95", 18, NULL);INSERT INTO assets(identifier,type, started, swapped_for) VALUES("eip155:137/erc20:0xF6F85b3f9fd581C2eE717c404F7684486F057F95", "C", NULL, NULL); INSERT INTO common_asset_details(identifier, name, symbol, coingecko, cryptocompare, forked) VALUES("eip155:137/erc20:0xF6F85b3f9fd581C2eE717c404F7684486F057F95", "Nord Token (PoS)", "NORD", "nord-finance", "NORD", NULL);
INSERT INTO evm_tokens(identifier, token_kind, chain, address, decimals, protocol) VALUES("eip155:137/erc20:0xF915fDDa4c882731C0456a4214548Cd13A822886", "A", "E", "0xF915fDDa4c882731C0456a4214548Cd13A822886", 18, NULL);INSERT INTO assets(identifier,type, started, swapped_for) VALUES("eip155:137/erc20:0xF915fDDa4c882731C0456a4214548Cd13A822886", "C", NULL, NULL); INSERT INTO common_asset_details(identifier, name, symbol, coingecko, cryptocompare, forked) VALUES("eip155:137/erc20:0xF915fDDa4c882731C0456a4214548Cd13A822886", "Fuse", "FUSE", "fuse-network-token", "", NULL);
INSERT INTO evm_tokens(identifier, token_kind, chain, address, decimals, protocol) VALUES("eip155:137/erc20:0xFaFA220145DfA5C3Ec85B6FA8a75aEE2451CDe5E", "A", "E", "0xFaFA220145DfA5C3Ec85B6FA8a75aEE2451CDe5E", 18, NULL);INSERT INTO assets(identifier,type, started, swapped_for) VALUES("eip155:137/erc20:0xFaFA220145DfA5C3Ec85B6FA8a75aEE2451CDe5E", "C", NULL, NULL); INSERT INTO common_asset_details(identifier, name, symbol, coingecko, cryptocompare, forked) VALUES("eip155:137/erc20:0xFaFA220145DfA5C3Ec85B6FA8a75aEE2451CDe5E", "ROOBEE", "ROOBEE", "roobee", "", NULL);
INSERT INTO evm_tokens(identifier, token_kind, chain, address, decimals, protocol) VALUES("eip155:137/erc20:0xfBd8A3b908e764dBcD51e27992464B4432A1132b", "A", "E", "0xfBd8A3b908e764dBcD51e27992464B4432A1132b", 18, NULL);INSERT INTO assets(identifier,type, started, swapped_for) VALUES("eip155:137/erc20:0xfBd8A3b908e764dBcD51e27992464B4432A1132b", "C", NULL, NULL); INSERT INTO common_asset_details(identifier, name, symbol, coingecko, cryptocompare, forked) VALUES("eip155:137/erc20:0xfBd8A3b908e764dBcD51e27992464B4432A1132b", "Index (PoS)", "INDEX", "index-cooperative", "", NULL);
INSERT INTO evm_tokens(identifier, token_kind, chain, address, decimals, protocol) VALUES("eip155:137/erc20:0xFbdd194376de19a88118e84E279b977f165d01b8", "A", "E", "0xFbdd194376de19a88118e84E279b977f165d01b8", 18, NULL);INSERT INTO assets(identifier,type, started, swapped_for) VALUES("eip155:137/erc20:0xFbdd194376de19a88118e84E279b977f165d01b8", "C", NULL, NULL); INSERT INTO common_asset_details(identifier, name, symbol, coingecko, cryptocompare, forked) VALUES("eip155:137/erc20:0xFbdd194376de19a88118e84E279b977f165d01b8", "beefy.finance", "BIFI", "beefy-finance", "BIFI", NULL);
INSERT INTO evm_tokens(identifier, token_kind, chain, address, decimals, protocol) VALUES("eip155:137/erc20:0xfd4959c06FbCc02250952DAEbf8e0Fb38cF9FD8C", "A", "E", "0xfd4959c06FbCc02250952DAEbf8e0Fb38cF9FD8C", 18, NULL);INSERT INTO assets(identifier,type, started, swapped_for) VALUES("eip155:137/erc20:0xfd4959c06FbCc02250952DAEbf8e0Fb38cF9FD8C", "C", NULL, NULL); INSERT INTO common_asset_details(identifier, name, symbol, coingecko, cryptocompare, forked) VALUES("eip155:137/erc20:0xfd4959c06FbCc02250952DAEbf8e0Fb38cF9FD8C", "ZeroSwapToken", "ZEE", "zeroswap", "", NULL);
INSERT INTO evm_tokens(identifier, token_kind, chain, address, decimals, protocol) VALUES("eip155:137/erc20:0xFdc26CDA2d2440d0E83CD1DeE8E8bE48405806DC", "A", "E", "0xFdc26CDA2d2440d0E83CD1DeE8E8bE48405806DC", 18, NULL);INSERT INTO assets(identifier,type, started, swapped_for) VALUES("eip155:137/erc20:0xFdc26CDA2d2440d0E83CD1DeE8E8bE48405806DC", "C", NULL, NULL); INSERT INTO common_asset_details(identifier, name, symbol, coingecko, cryptocompare, forked) VALUES("eip155:137/erc20:0xFdc26CDA2d2440d0E83CD1DeE8E8bE48405806DC", "BTU Protocol", "BTU", "btu-protocol", "", NULL);
INSERT INTO evm_tokens(identifier, token_kind, chain, address, decimals, protocol) VALUES("eip155:137/erc20:0xFeD16c746CB5BFeD009730f9E3e6A673006105c7", "A", "E", "0xFeD16c746CB5BFeD009730f9E3e6A673006105c7", 0, NULL);INSERT INTO assets(identifier,type, started, swapped_for) VALUES("eip155:137/erc20:0xFeD16c746CB5BFeD009730f9E3e6A673006105c7", "C", NULL, NULL); INSERT INTO common_asset_details(identifier, name, symbol, coingecko, cryptocompare, forked) VALUES("eip155:137/erc20:0xFeD16c746CB5BFeD009730f9E3e6A673006105c7", "Digital Reserve Currency (PoS)", "DRC", "digital-reserve-currency", "DRC", NULL);
INSERT INTO evm_tokens(identifier, token_kind, chain, address, decimals, protocol) VALUES("eip155:42161/erc20:0x040d1EdC9569d4Bab2D15287Dc5A4F10F56a56B8", "A", "G", "0x040d1EdC9569d4Bab2D15287Dc5A4F10F56a56B8", 18, NULL);INSERT INTO assets(identifier,type, started, swapped_for) VALUES("eip155:42161/erc20:0x040d1EdC9569d4Bab2D15287Dc5A4F10F56a56B8", "C", 1624285578, NULL); INSERT INTO common_asset_details(identifier, name, symbol, coingecko, cryptocompare, forked) VALUES("eip155:42161/erc20:0x040d1EdC9569d4Bab2D15287Dc5A4F10F56a56B8", "Balancer", "BAL", "balancer", "", NULL);
INSERT INTO evm_tokens(identifier, token_kind, chain, address, decimals, protocol) VALUES("eip155:42161/erc20:0x078f358208685046a11C85e8ad32895DED33A249", "A", "G", "0x078f358208685046a11C85e8ad32895DED33A249", 8, NULL);INSERT INTO assets(identifier,type, started, swapped_for) VALUES("eip155:42161/erc20:0x078f358208685046a11C85e8ad32895DED33A249", "C", 1647011048, NULL); INSERT INTO common_asset_details(identifier, name, symbol, coingecko, cryptocompare, forked) VALUES("eip155:42161/erc20:0x078f358208685046a11C85e8ad32895DED33A249", "Aave Arbitrum WBTC", "aArbWBTC", "aave-wbtc", "WBTC", NULL);
INSERT INTO evm_tokens(identifier, token_kind, chain, address, decimals, protocol) VALUES("eip155:42161/erc20:0x11cDb42B0EB46D95f990BeDD4695A6e3fA034978", "A", "G", "0x11cDb42B0EB46D95f990BeDD4695A6e3fA034978", 18, NULL);INSERT INTO assets(identifier,type, started, swapped_for) VALUES("eip155:42161/erc20:0x11cDb42B0EB46D95f990BeDD4695A6e3fA034978", "C", 1623944104, NULL); INSERT INTO common_asset_details(identifier, name, symbol, coingecko, cryptocompare, forked) VALUES("eip155:42161/erc20:0x11cDb42B0EB46D95f990BeDD4695A6e3fA034978", "Curve DAO Token", "CRV", "curve-dao-token", "", NULL);
INSERT INTO evm_tokens(identifier, token_kind, chain, address, decimals, protocol) VALUES("eip155:42161/erc20:0x17FC002b466eEc40DaE837Fc4bE5c67993ddBd6F", "A", "G", "0x17FC002b466eEc40DaE837Fc4bE5c67993ddBd6F", 18, NULL);INSERT INTO assets(identifier,type, started, swapped_for) VALUES("eip155:42161/erc20:0x17FC002b466eEc40DaE837Fc4bE5c67993ddBd6F", "C", 1632766868, NULL); INSERT INTO common_asset_details(identifier, name, symbol, coingecko, cryptocompare, forked) VALUES("eip155:42161/erc20:0x17FC002b466eEc40DaE837Fc4bE5c67993ddBd6F", "Frax", "FRAX", "frax", "FRAX", NULL);
INSERT INTO evm_tokens(identifier, token_kind, chain, address, decimals, protocol) VALUES("eip155:42161/erc20:0x191c10Aa4AF7C30e871E70C95dB0E4eb77237530", "A", "G", "0x191c10Aa4AF7C30e871E70C95dB0E4eb77237530", 18, NULL);INSERT INTO assets(identifier,type, started, swapped_for) VALUES("eip155:42161/erc20:0x191c10Aa4AF7C30e871E70C95dB0E4eb77237530", "C", 1647011048, NULL); INSERT INTO common_asset_details(identifier, name, symbol, coingecko, cryptocompare, forked) VALUES("eip155:42161/erc20:0x191c10Aa4AF7C30e871E70C95dB0E4eb77237530", "Aave Arbitrum LINK", "aArbLINK", "aave-link", "LINK", NULL);
INSERT INTO evm_tokens(identifier, token_kind, chain, address, decimals, protocol) VALUES("eip155:42161/erc20:0x23A941036Ae778Ac51Ab04CEa08Ed6e2FE103614", "A", "G", "0x23A941036Ae778Ac51Ab04CEa08Ed6e2FE103614", 18, NULL);INSERT INTO assets(identifier,type, started, swapped_for) VALUES("eip155:42161/erc20:0x23A941036Ae778Ac51Ab04CEa08Ed6e2FE103614", "C", 1623867469, NULL); INSERT INTO common_asset_details(identifier, name, symbol, coingecko, cryptocompare, forked) VALUES("eip155:42161/erc20:0x23A941036Ae778Ac51Ab04CEa08Ed6e2FE103614", "Graph Token", "GRT", "the-graph", "", NULL);
INSERT INTO evm_tokens(identifier, token_kind, chain, address, decimals, protocol) VALUES("eip155:42161/erc20:0x2e9a6Df78E42a30712c10a9Dc4b1C8656f8F2879", "A", "G", "0x2e9a6Df78E42a30712c10a9Dc4b1C8656f8F2879", 18, NULL);INSERT INTO assets(identifier,type, started, swapped_for) VALUES("eip155:42161/erc20:0x2e9a6Df78E42a30712c10a9Dc4b1C8656f8F2879", "C", 1623866228, NULL); INSERT INTO common_asset_details(identifier, name, symbol, coingecko, cryptocompare, forked) VALUES("eip155:42161/erc20:0x2e9a6Df78E42a30712c10a9Dc4b1C8656f8F2879", "4d616b65720000000000000000000000000000000000000000...", "4d4b5200000000000000000000000000000000000000000000", "maker", "", NULL);
INSERT INTO evm_tokens(identifier, token_kind, chain, address, decimals, protocol) VALUES("eip155:42161/erc20:0x2f2a2543B76A4166549F7aaB2e75Bef0aefC5B0f", "A", "G", "0x2f2a2543B76A4166549F7aaB2e75Bef0aefC5B0f", 8, NULL);INSERT INTO assets(identifier,type, started, swapped_for) VALUES("eip155:42161/erc20:0x2f2a2543B76A4166549F7aaB2e75Bef0aefC5B0f", "C", 1623867469, NULL); INSERT INTO common_asset_details(identifier, name, symbol, coingecko, cryptocompare, forked) VALUES("eip155:42161/erc20:0x2f2a2543B76A4166549F7aaB2e75Bef0aefC5B0f", "Wrapped BTC", "WBTC", "wrapped-bitcoin", "", NULL);
INSERT INTO evm_tokens(identifier, token_kind, chain, address, decimals, protocol) VALUES("eip155:42161/erc20:0x319f865b287fCC10b30d8cE6144e8b6D1b476999", "A", "G", "0x319f865b287fCC10b30d8cE6144e8b6D1b476999", 18, NULL);INSERT INTO assets(identifier,type, started, swapped_for) VALUES("eip155:42161/erc20:0x319f865b287fCC10b30d8cE6144e8b6D1b476999", "C", 1644992935, NULL); INSERT INTO common_asset_details(identifier, name, symbol, coingecko, cryptocompare, forked) VALUES("eip155:42161/erc20:0x319f865b287fCC10b30d8cE6144e8b6D1b476999", "Cartesi Token", "CTSI", "cartesi", "", NULL);
INSERT INTO evm_tokens(identifier, token_kind, chain, address, decimals, protocol) VALUES("eip155:42161/erc20:0x354A6dA3fcde098F8389cad84b0182725c6C91dE", "A", "G", "0x354A6dA3fcde098F8389cad84b0182725c6C91dE", 18, NULL);INSERT INTO assets(identifier,type, started, swapped_for) VALUES("eip155:42161/erc20:0x354A6dA3fcde098F8389cad84b0182725c6C91dE", "C", 1627937552, NULL); INSERT INTO common_asset_details(identifier, name, symbol, coingecko, cryptocompare, forked) VALUES("eip155:42161/erc20:0x354A6dA3fcde098F8389cad84b0182725c6C91dE", "Compound", "COMP", "compound-governance-token", "", NULL);
INSERT INTO evm_tokens(identifier, token_kind, chain, address, decimals, protocol) VALUES("eip155:42161/erc20:0x3a8B787f78D775AECFEEa15706D4221B40F345AB", "A", "G", "0x3a8B787f78D775AECFEEa15706D4221B40F345AB", 18, NULL);INSERT INTO assets(identifier,type, started, swapped_for) VALUES("eip155:42161/erc20:0x3a8B787f78D775AECFEEa15706D4221B40F345AB", "C", 1624039454, NULL); INSERT INTO common_asset_details(identifier, name, symbol, coingecko, cryptocompare, forked) VALUES("eip155:42161/erc20:0x3a8B787f78D775AECFEEa15706D4221B40F345AB", "CelerToken", "CELR", "celer-network", "", NULL);
INSERT INTO evm_tokens(identifier, token_kind, chain, address, decimals, protocol) VALUES("eip155:42161/erc20:0x3BD2dFd03BC7c3011ed7fb8c4d0949B382726cee", "A", "G", "0x3BD2dFd03BC7c3011ed7fb8c4d0949B382726cee", 18, NULL);INSERT INTO assets(identifier,type, started, swapped_for) VALUES("eip155:42161/erc20:0x3BD2dFd03BC7c3011ed7fb8c4d0949B382726cee", "C", 1651144025, NULL); INSERT INTO common_asset_details(identifier, name, symbol, coingecko, cryptocompare, forked) VALUES("eip155:42161/erc20:0x3BD2dFd03BC7c3011ed7fb8c4d0949B382726cee", "ROOBEE", "ROOBEE", "roobee", "", NULL);
INSERT INTO evm_tokens(identifier, token_kind, chain, address, decimals, protocol) VALUES("eip155:42161/erc20:0x3E6648C5a70A150A88bCE65F4aD4d506Fe15d2AF", "A", "G", "0x3E6648C5a70A150A88bCE65F4aD4d506Fe15d2AF", 18, NULL);INSERT INTO assets(identifier,type, started, swapped_for) VALUES("eip155:42161/erc20:0x3E6648C5a70A150A88bCE65F4aD4d506Fe15d2AF", "C", 1631624179, NULL); INSERT INTO common_asset_details(identifier, name, symbol, coingecko, cryptocompare, forked) VALUES("eip155:42161/erc20:0x3E6648C5a70A150A88bCE65F4aD4d506Fe15d2AF", "Spell Token", "SPELL", "spell-token", "SPELL", NULL);
INSERT INTO evm_tokens(identifier, token_kind, chain, address, decimals, protocol) VALUES("eip155:42161/erc20:0x46d0cE7de6247b0A95f67b43B589b4041BaE7fbE", "A", "G", "0x46d0cE7de6247b0A95f67b43B589b4041BaE7fbE", 18, NULL);INSERT INTO assets(identifier,type, started, swapped_for) VALUES("eip155:42161/erc20:0x46d0cE7de6247b0A95f67b43B589b4041BaE7fbE", "C", 1631285864, NULL); INSERT INTO common_asset_details(identifier, name, symbol, coingecko, cryptocompare, forked) VALUES("eip155:42161/erc20:0x46d0cE7de6247b0A95f67b43B589b4041BaE7fbE", "LoopringCoin V2", "LRC", "loopring", "", NULL);
INSERT INTO evm_tokens(identifier, token_kind, chain, address, decimals, protocol) VALUES("eip155:42161/erc20:0x4D15a3A2286D883AF0AA1B3f21367843FAc63E07", "A", "G", "0x4D15a3A2286D883AF0AA1B3f21367843FAc63E07", 18, NULL);INSERT INTO assets(identifier,type, started, swapped_for) VALUES("eip155:42161/erc20:0x4D15a3A2286D883AF0AA1B3f21367843FAc63E07", "C", 1633990456, NULL); INSERT INTO common_asset_details(identifier, name, symbol, coingecko, cryptocompare, forked) VALUES("eip155:42161/erc20:0x4D15a3A2286D883AF0AA1B3f21367843FAc63E07", "TrueUSD", "TUSD", "true-usd", "", NULL);
INSERT INTO evm_tokens(identifier, token_kind, chain, address, decimals, protocol) VALUES("eip155:42161/erc20:0x4e352cF164E64ADCBad318C3a1e222E9EBa4Ce42", "A", "G", "0x4e352cF164E64ADCBad318C3a1e222E9EBa4Ce42", 18, NULL);INSERT INTO assets(identifier,type, started, swapped_for) VALUES("eip155:42161/erc20:0x4e352cF164E64ADCBad318C3a1e222E9EBa4Ce42", "C", 1623926214, NULL); INSERT INTO common_asset_details(identifier, name, symbol, coingecko, cryptocompare, forked) VALUES("eip155:42161/erc20:0x4e352cF164E64ADCBad318C3a1e222E9EBa4Ce42", "MCDEX Token", "MCB", "mcdex", "", NULL);
INSERT INTO evm_tokens(identifier, token_kind, chain, address, decimals, protocol) VALUES("eip155:42161/erc20:0x539bdE0d7Dbd336b79148AA742883198BBF60342", "A", "G", "0x539bdE0d7Dbd336b79148AA742883198BBF60342", 18, NULL);INSERT INTO assets(identifier,type, started, swapped_for) VALUES("eip155:42161/erc20:0x539bdE0d7Dbd336b79148AA742883198BBF60342", "C", 1633719743, NULL); INSERT INTO common_asset_details(identifier, name, symbol, coingecko, cryptocompare, forked) VALUES("eip155:42161/erc20:0x539bdE0d7Dbd336b79148AA742883198BBF60342", "MAGIC", "MAGIC", "magic", "MAGIC", NULL);
INSERT INTO evm_tokens(identifier, token_kind, chain, address, decimals, protocol) VALUES("eip155:42161/erc20:0x625E7708f30cA75bfd92586e17077590C60eb4cD", "A", "G", "0x625E7708f30cA75bfd92586e17077590C60eb4cD", 6, NULL);INSERT INTO assets(identifier,type, started, swapped_for) VALUES("eip155:42161/erc20:0x625E7708f30cA75bfd92586e17077590C60eb4cD", "C", 1647011048, NULL); INSERT INTO common_asset_details(identifier, name, symbol, coingecko, cryptocompare, forked) VALUES("eip155:42161/erc20:0x625E7708f30cA75bfd92586e17077590C60eb4cD", "Aave Arbitrum USDC", "aArbUSDC", "aave-usdc", "USDC", NULL);
INSERT INTO evm_tokens(identifier, token_kind, chain, address, decimals, protocol) VALUES("eip155:42161/erc20:0x6694340fc020c5E6B96567843da2df01b2CE1eb6", "A", "G", "0x6694340fc020c5E6B96567843da2df01b2CE1eb6", 18, NULL);INSERT INTO assets(identifier,type, started, swapped_for) VALUES("eip155:42161/erc20:0x6694340fc020c5E6B96567843da2df01b2CE1eb6", "C", 1647502704, NULL); INSERT INTO common_asset_details(identifier, name, symbol, coingecko, cryptocompare, forked) VALUES("eip155:42161/erc20:0x6694340fc020c5E6B96567843da2df01b2CE1eb6", "StargateToken", "STG", "stargate-finance", "STG", NULL);
INSERT INTO evm_tokens(identifier, token_kind, chain, address, decimals, protocol) VALUES("eip155:42161/erc20:0x69Eb4FA4a2fbd498C257C57Ea8b7655a2559A581", "A", "G", "0x69Eb4FA4a2fbd498C257C57Ea8b7655a2559A581", 18, NULL);INSERT INTO assets(identifier,type, started, swapped_for) VALUES("eip155:42161/erc20:0x69Eb4FA4a2fbd498C257C57Ea8b7655a2559A581", "C", 1624389762, NULL); INSERT INTO common_asset_details(identifier, name, symbol, coingecko, cryptocompare, forked) VALUES("eip155:42161/erc20:0x69Eb4FA4a2fbd498C257C57Ea8b7655a2559A581", "DODO bird", "DODO", "dodo", "", NULL);
INSERT INTO evm_tokens(identifier, token_kind, chain, address, decimals, protocol) VALUES("eip155:42161/erc20:0x6ab707Aca953eDAeFBc4fD23bA73294241490620", "A", "G", "0x6ab707Aca953eDAeFBc4fD23bA73294241490620", 6, NULL);INSERT INTO assets(identifier,type, started, swapped_for) VALUES("eip155:42161/erc20:0x6ab707Aca953eDAeFBc4fD23bA73294241490620", "C", 1647011048, NULL); INSERT INTO common_asset_details(identifier, name, symbol, coingecko, cryptocompare, forked) VALUES("eip155:42161/erc20:0x6ab707Aca953eDAeFBc4fD23bA73294241490620", "Aave Arbitrum USDT", "aArbUSDT", "aave-usdt", "USDT", NULL);
INSERT INTO evm_tokens(identifier, token_kind, chain, address, decimals, protocol) VALUES("eip155:42161/erc20:0x75C9bC761d88f70156DAf83aa010E84680baF131", "A", "G", "0x75C9bC761d88f70156DAf83aa010E84680baF131", 18, NULL);INSERT INTO assets(identifier,type, started, swapped_for) VALUES("eip155:42161/erc20:0x75C9bC761d88f70156DAf83aa010E84680baF131", "C", 1637048863, NULL); INSERT INTO common_asset_details(identifier, name, symbol, coingecko, cryptocompare, forked) VALUES("eip155:42161/erc20:0x75C9bC761d88f70156DAf83aa010E84680baF131", "Saddle DAO", "SDL", "saddle-finance", "SDL", NULL);
INSERT INTO evm_tokens(identifier, token_kind, chain, address, decimals, protocol) VALUES("eip155:42161/erc20:0x7bA4a00d54A07461D9DB2aEF539e91409943AdC9", "A", "G", "0x7bA4a00d54A07461D9DB2aEF539e91409943AdC9", 18, NULL);INSERT INTO assets(identifier,type, started, swapped_for) VALUES("eip155:42161/erc20:0x7bA4a00d54A07461D9DB2aEF539e91409943AdC9", "C", 1624665951, NULL); INSERT INTO common_asset_details(identifier, name, symbol, coingecko, cryptocompare, forked) VALUES("eip155:42161/erc20:0x7bA4a00d54A07461D9DB2aEF539e91409943AdC9", "Stake DAO Token", "SDT", "stake-dao", "", NULL);
INSERT INTO evm_tokens(identifier, token_kind, chain, address, decimals, protocol) VALUES("eip155:42161/erc20:0x7cb16cb78ea464aD35c8a50ABF95dff3c9e09d5d", "A", "G", "0x7cb16cb78ea464aD35c8a50ABF95dff3c9e09d5d", 8, NULL);INSERT INTO assets(identifier,type, started, swapped_for) VALUES("eip155:42161/erc20:0x7cb16cb78ea464aD35c8a50ABF95dff3c9e09d5d", "C", 1631624125, NULL); INSERT INTO common_asset_details(identifier, name, symbol, coingecko, cryptocompare, forked) VALUES("eip155:42161/erc20:0x7cb16cb78ea464aD35c8a50ABF95dff3c9e09d5d", "0xBitcoin Token", "0xBTC", "oxbitcoin", "0XBTC", NULL);
INSERT INTO evm_tokens(identifier, token_kind, chain, address, decimals, protocol) VALUES("eip155:42161/erc20:0x8038F3C971414FD1FC220bA727F2D4A0fC98cb65", "A", "G", "0x8038F3C971414FD1FC220bA727F2D4A0fC98cb65", 18, NULL);INSERT INTO assets(identifier,type, started, swapped_for) VALUES("eip155:42161/erc20:0x8038F3C971414FD1FC220bA727F2D4A0fC98cb65", "C", 1630619769, NULL); INSERT INTO common_asset_details(identifier, name, symbol, coingecko, cryptocompare, forked) VALUES("eip155:42161/erc20:0x8038F3C971414FD1FC220bA727F2D4A0fC98cb65", "dHedge DAO Token", "DHT", "dhedge-dao", "", NULL);
INSERT INTO evm_tokens(identifier, token_kind, chain, address, decimals, protocol) VALUES("eip155:42161/erc20:0x82aF49447D8a07e3bd95BD0d56f35241523fBab1", "A", "G", "0x82aF49447D8a07e3bd95BD0d56f35241523fBab1", 18, NULL);INSERT INTO assets(identifier,type, started, swapped_for) VALUES("eip155:42161/erc20:0x82aF49447D8a07e3bd95BD0d56f35241523fBab1", "C", 1622346702, NULL); INSERT INTO common_asset_details(identifier, name, symbol, coingecko, cryptocompare, forked) VALUES("eip155:42161/erc20:0x82aF49447D8a07e3bd95BD0d56f35241523fBab1", "Wrapped Ether", "WETH", "weth", "", NULL);
INSERT INTO evm_tokens(identifier, token_kind, chain, address, decimals, protocol) VALUES("eip155:42161/erc20:0x82e3A8F066a6989666b031d916c43672085b1582", "A", "G", "0x82e3A8F066a6989666b031d916c43672085b1582", 18, NULL);INSERT INTO assets(identifier,type, started, swapped_for) VALUES("eip155:42161/erc20:0x82e3A8F066a6989666b031d916c43672085b1582", "C", 1624039161, NULL); INSERT INTO common_asset_details(identifier, name, symbol, coingecko, cryptocompare, forked) VALUES("eip155:42161/erc20:0x82e3A8F066a6989666b031d916c43672085b1582", "yearn.finance", "YFI", "yearn-finance", "", NULL);
INSERT INTO evm_tokens(identifier, token_kind, chain, address, decimals, protocol) VALUES("eip155:42161/erc20:0x82E64f49Ed5EC1bC6e43DAD4FC8Af9bb3A2312EE", "A", "G", "0x82E64f49Ed5EC1bC6e43DAD4FC8Af9bb3A2312EE", 18, NULL);INSERT INTO assets(identifier,type, started, swapped_for) VALUES("eip155:42161/erc20:0x82E64f49Ed5EC1bC6e43DAD4FC8Af9bb3A2312EE", "C", 1647011048, NULL); INSERT INTO common_asset_details(identifier, name, symbol, coingecko, cryptocompare, forked) VALUES("eip155:42161/erc20:0x82E64f49Ed5EC1bC6e43DAD4FC8Af9bb3A2312EE", "Aave Arbitrum DAI", "aArbDAI", "aave-dai", "DAI", NULL);
INSERT INTO evm_tokens(identifier, token_kind, chain, address, decimals, protocol) VALUES("eip155:42161/erc20:0x965772e0E9c84b6f359c8597C891108DcF1c5B1A", "A", "G", "0x965772e0E9c84b6f359c8597C891108DcF1c5B1A", 18, NULL);INSERT INTO assets(identifier,type, started, swapped_for) VALUES("eip155:42161/erc20:0x965772e0E9c84b6f359c8597C891108DcF1c5B1A", "C", 1632180709, NULL); INSERT INTO common_asset_details(identifier, name, symbol, coingecko, cryptocompare, forked) VALUES("eip155:42161/erc20:0x965772e0E9c84b6f359c8597C891108DcF1c5B1A", "PickleToken", "PICKLE", "pickle-finance", "", NULL);
INSERT INTO evm_tokens(identifier, token_kind, chain, address, decimals, protocol) VALUES("eip155:42161/erc20:0x99C409E5f62E4bd2AC142f17caFb6810B8F0BAAE", "A", "G", "0x99C409E5f62E4bd2AC142f17caFb6810B8F0BAAE", 18, NULL);INSERT INTO assets(identifier,type, started, swapped_for) VALUES("eip155:42161/erc20:0x99C409E5f62E4bd2AC142f17caFb6810B8F0BAAE", "C", 1632385561, NULL); INSERT INTO common_asset_details(identifier, name, symbol, coingecko, cryptocompare, forked) VALUES("eip155:42161/erc20:0x99C409E5f62E4bd2AC142f17caFb6810B8F0BAAE", "beefy.finance", "BIFI", "beefy-finance", "BIFI", NULL);
INSERT INTO evm_tokens(identifier, token_kind, chain, address, decimals, protocol) VALUES("eip155:42161/erc20:0x99F40b01BA9C469193B360f72740E416B17Ac332", "A", "G", "0x99F40b01BA9C469193B360f72740E416B17Ac332", 18, NULL);INSERT INTO assets(identifier,type, started, swapped_for) VALUES("eip155:42161/erc20:0x99F40b01BA9C469193B360f72740E416B17Ac332", "C", 1629759930, NULL); INSERT INTO common_asset_details(identifier, name, symbol, coingecko, cryptocompare, forked) VALUES("eip155:42161/erc20:0x99F40b01BA9C469193B360f72740E416B17Ac332", "MATH Token", "MATH", "math", "MATH", NULL);
INSERT INTO evm_tokens(identifier, token_kind, chain, address, decimals, protocol) VALUES("eip155:42161/erc20:0x9c67eE39e3C4954396b9142010653F17257dd39C", "A", "G", "0x9c67eE39e3C4954396b9142010653F17257dd39C", 18, NULL);INSERT INTO assets(identifier,type, started, swapped_for) VALUES("eip155:42161/erc20:0x9c67eE39e3C4954396b9142010653F17257dd39C", "C", 1631624179, NULL); INSERT INTO common_asset_details(identifier, name, symbol, coingecko, cryptocompare, forked) VALUES("eip155:42161/erc20:0x9c67eE39e3C4954396b9142010653F17257dd39C", "Impermax", "IMX", "impermax", "", NULL);
INSERT INTO evm_tokens(identifier, token_kind, chain, address, decimals, protocol) VALUES("eip155:42161/erc20:0x9d2F299715D94d8A7E6F5eaa8E654E8c74a988A7", "A", "G", "0x9d2F299715D94d8A7E6F5eaa8E654E8c74a988A7", 18, NULL);INSERT INTO assets(identifier,type, started, swapped_for) VALUES("eip155:42161/erc20:0x9d2F299715D94d8A7E6F5eaa8E654E8c74a988A7", "C", 1632766868, NULL); INSERT INTO common_asset_details(identifier, name, symbol, coingecko, cryptocompare, forked) VALUES("eip155:42161/erc20:0x9d2F299715D94d8A7E6F5eaa8E654E8c74a988A7", "Frax Share", "FXS", "frax-share", "", NULL);
INSERT INTO evm_tokens(identifier, token_kind, chain, address, decimals, protocol) VALUES("eip155:42161/erc20:0x9Fb9a33956351cf4fa040f65A13b835A3C8764E3", "A", "G", "0x9Fb9a33956351cf4fa040f65A13b835A3C8764E3", 18, NULL);INSERT INTO assets(identifier,type, started, swapped_for) VALUES("eip155:42161/erc20:0x9Fb9a33956351cf4fa040f65A13b835A3C8764E3", "C", 1639563797, NULL); INSERT INTO common_asset_details(identifier, name, symbol, coingecko, cryptocompare, forked) VALUES("eip155:42161/erc20:0x9Fb9a33956351cf4fa040f65A13b835A3C8764E3", "Multichain", "MULTI", "multichain", "MULTI", NULL);
INSERT INTO evm_tokens(identifier, token_kind, chain, address, decimals, protocol) VALUES("eip155:42161/erc20:0xa0b862F60edEf4452F25B4160F177db44DeB6Cf1", "A", "G", "0xa0b862F60edEf4452F25B4160F177db44DeB6Cf1", 18, NULL);INSERT INTO assets(identifier,type, started, swapped_for) VALUES("eip155:42161/erc20:0xa0b862F60edEf4452F25B4160F177db44DeB6Cf1", "C", 1623866487, NULL); INSERT INTO common_asset_details(identifier, name, symbol, coingecko, cryptocompare, forked) VALUES("eip155:42161/erc20:0xa0b862F60edEf4452F25B4160F177db44DeB6Cf1", "Gnosis Token", "GNO", "gnosis", "", NULL);
INSERT INTO evm_tokens(identifier, token_kind, chain, address, decimals, protocol) VALUES("eip155:42161/erc20:0xA970AF1a584579B618be4d69aD6F73459D112F95", "A", "G", "0xA970AF1a584579B618be4d69aD6F73459D112F95", 18, NULL);INSERT INTO assets(identifier,type, started, swapped_for) VALUES("eip155:42161/erc20:0xA970AF1a584579B618be4d69aD6F73459D112F95", "C", 1624723607, NULL); INSERT INTO common_asset_details(identifier, name, symbol, coingecko, cryptocompare, forked) VALUES("eip155:42161/erc20:0xA970AF1a584579B618be4d69aD6F73459D112F95", "Synth sUSD", "sUSD", "nusd", "", NULL);
INSERT INTO evm_tokens(identifier, token_kind, chain, address, decimals, protocol) VALUES("eip155:42161/erc20:0xaaA62D9584Cbe8e4D68A43ec91BfF4fF1fAdB202", "A", "G", "0xaaA62D9584Cbe8e4D68A43ec91BfF4fF1fAdB202", 18, NULL);INSERT INTO assets(identifier,type, started, swapped_for) VALUES("eip155:42161/erc20:0xaaA62D9584Cbe8e4D68A43ec91BfF4fF1fAdB202", "C", 1633125784, NULL); INSERT INTO common_asset_details(identifier, name, symbol, coingecko, cryptocompare, forked) VALUES("eip155:42161/erc20:0xaaA62D9584Cbe8e4D68A43ec91BfF4fF1fAdB202", "Antimatter.Finance Governance Token", "MATTER", "antimatter", "MATTER", NULL);
INSERT INTO evm_tokens(identifier, token_kind, chain, address, decimals, protocol) VALUES("eip155:42161/erc20:0xaE6aab43C4f3E0cea4Ab83752C278f8dEbabA689", "A", "G", "0xaE6aab43C4f3E0cea4Ab83752C278f8dEbabA689", 18, NULL);INSERT INTO assets(identifier,type, started, swapped_for) VALUES("eip155:42161/erc20:0xaE6aab43C4f3E0cea4Ab83752C278f8dEbabA689", "C", 1631601973, NULL); INSERT INTO common_asset_details(identifier, name, symbol, coingecko, cryptocompare, forked) VALUES("eip155:42161/erc20:0xaE6aab43C4f3E0cea4Ab83752C278f8dEbabA689", "dForce", "DF", "dforce-token", "", NULL);
INSERT INTO evm_tokens(identifier, token_kind, chain, address, decimals, protocol) VALUES("eip155:42161/erc20:0xAE6e3540E97b0b9EA8797B157B510e133afb6282", "A", "G", "0xAE6e3540E97b0b9EA8797B157B510e133afb6282", 18, NULL);INSERT INTO assets(identifier,type, started, swapped_for) VALUES("eip155:42161/erc20:0xAE6e3540E97b0b9EA8797B157B510e133afb6282", "C", 1631287467, NULL); INSERT INTO common_asset_details(identifier, name, symbol, coingecko, cryptocompare, forked) VALUES("eip155:42161/erc20:0xAE6e3540E97b0b9EA8797B157B510e133afb6282", "DEGEN Index", "DEGEN", "degen-index", "", NULL);
INSERT INTO evm_tokens(identifier, token_kind, chain, address, decimals, protocol) VALUES("eip155:42161/erc20:0xB965029343D55189c25a7f3e0c9394DC0F5D41b1", "A", "G", "0xB965029343D55189c25a7f3e0c9394DC0F5D41b1", 18, NULL);INSERT INTO assets(identifier,type, started, swapped_for) VALUES("eip155:42161/erc20:0xB965029343D55189c25a7f3e0c9394DC0F5D41b1", "C", 1631287651, NULL); INSERT INTO common_asset_details(identifier, name, symbol, coingecko, cryptocompare, forked) VALUES("eip155:42161/erc20:0xB965029343D55189c25a7f3e0c9394DC0F5D41b1", "Indexed", "NDX", "indexed-finance", "NDX", NULL);
INSERT INTO evm_tokens(identifier, token_kind, chain, address, decimals, protocol) VALUES("eip155:42161/erc20:0xBfa641051Ba0a0Ad1b0AcF549a89536A0D76472E", "A", "G", "0xBfa641051Ba0a0Ad1b0AcF549a89536A0D76472E", 18, NULL);INSERT INTO assets(identifier,type, started, swapped_for) VALUES("eip155:42161/erc20:0xBfa641051Ba0a0Ad1b0AcF549a89536A0D76472E", "C", 1630211596, NULL); INSERT INTO common_asset_details(identifier, name, symbol, coingecko, cryptocompare, forked) VALUES("eip155:42161/erc20:0xBfa641051Ba0a0Ad1b0AcF549a89536A0D76472E", "Badger", "BADGER", "badger-dao", "", NULL);
INSERT INTO evm_tokens(identifier, token_kind, chain, address, decimals, protocol) VALUES("eip155:42161/erc20:0xC3Ae0333F0F34aa734D5493276223d95B8F9Cb37", "A", "G", "0xC3Ae0333F0F34aa734D5493276223d95B8F9Cb37", 18, NULL);INSERT INTO assets(identifier,type, started, swapped_for) VALUES("eip155:42161/erc20:0xC3Ae0333F0F34aa734D5493276223d95B8F9Cb37", "C", 1624049742, NULL); INSERT INTO common_asset_details(identifier, name, symbol, coingecko, cryptocompare, forked) VALUES("eip155:42161/erc20:0xC3Ae0333F0F34aa734D5493276223d95B8F9Cb37", "DXdao", "DXD", "dxdao", "", NULL);
INSERT INTO evm_tokens(identifier, token_kind, chain, address, decimals, protocol) VALUES("eip155:42161/erc20:0xcAFcD85D8ca7Ad1e1C6F82F651fA15E33AEfD07b", "A", "G", "0xcAFcD85D8ca7Ad1e1C6F82F651fA15E33AEfD07b", 18, NULL);INSERT INTO assets(identifier,type, started, swapped_for) VALUES("eip155:42161/erc20:0xcAFcD85D8ca7Ad1e1C6F82F651fA15E33AEfD07b", "C", 1624039454, NULL); INSERT INTO common_asset_details(identifier, name, symbol, coingecko, cryptocompare, forked) VALUES("eip155:42161/erc20:0xcAFcD85D8ca7Ad1e1C6F82F651fA15E33AEfD07b", "Wootrade Network", "WOO", "woo-network", "", NULL);
INSERT INTO evm_tokens(identifier, token_kind, chain, address, decimals, protocol) VALUES("eip155:42161/erc20:0xd4d42F0b6DEF4CE0383636770eF773390d85c61A", "A", "G", "0xd4d42F0b6DEF4CE0383636770eF773390d85c61A", 18, NULL);INSERT INTO assets(identifier,type, started, swapped_for) VALUES("eip155:42161/erc20:0xd4d42F0b6DEF4CE0383636770eF773390d85c61A", "C", 1623945128, NULL); INSERT INTO common_asset_details(identifier, name, symbol, coingecko, cryptocompare, forked) VALUES("eip155:42161/erc20:0xd4d42F0b6DEF4CE0383636770eF773390d85c61A", "SushiToken", "SUSHI", "sushi", "", NULL);
INSERT INTO evm_tokens(identifier, token_kind, chain, address, decimals, protocol) VALUES("eip155:42161/erc20:0xDA10009cBd5D07dd0CeCc66161FC93D7c9000da1", "A", "G", "0xDA10009cBd5D07dd0CeCc66161FC93D7c9000da1", 18, NULL);INSERT INTO assets(identifier,type, started, swapped_for) VALUES("eip155:42161/erc20:0xDA10009cBd5D07dd0CeCc66161FC93D7c9000da1", "C", 1632133487, NULL); INSERT INTO common_asset_details(identifier, name, symbol, coingecko, cryptocompare, forked) VALUES("eip155:42161/erc20:0xDA10009cBd5D07dd0CeCc66161FC93D7c9000da1", "Dai Stablecoin", "DAI", "dai", "", NULL);
INSERT INTO evm_tokens(identifier, token_kind, chain, address, decimals, protocol) VALUES("eip155:42161/erc20:0xea986d33eF8a20A96120ecc44dBdD49830192043", "A", "G", "0xea986d33eF8a20A96120ecc44dBdD49830192043", 18, NULL);INSERT INTO assets(identifier,type, started, swapped_for) VALUES("eip155:42161/erc20:0xea986d33eF8a20A96120ecc44dBdD49830192043", "C", 1631976763, NULL); INSERT INTO common_asset_details(identifier, name, symbol, coingecko, cryptocompare, forked) VALUES("eip155:42161/erc20:0xea986d33eF8a20A96120ecc44dBdD49830192043", "Auctus Token", "AUC", "auctus", "", NULL);
INSERT INTO evm_tokens(identifier, token_kind, chain, address, decimals, protocol) VALUES("eip155:42161/erc20:0xEe9801669C6138E84bD50dEB500827b776777d28", "A", "G", "0xEe9801669C6138E84bD50dEB500827b776777d28", 18, NULL);INSERT INTO assets(identifier,type, started, swapped_for) VALUES("eip155:42161/erc20:0xEe9801669C6138E84bD50dEB500827b776777d28", "C", 1633787646, NULL); INSERT INTO common_asset_details(identifier, name, symbol, coingecko, cryptocompare, forked) VALUES("eip155:42161/erc20:0xEe9801669C6138E84bD50dEB500827b776777d28", "O3 Swap Token", "O3", "o3-swap", "O3", NULL);
INSERT INTO evm_tokens(identifier, token_kind, chain, address, decimals, protocol) VALUES("eip155:42161/erc20:0xef888bcA6AB6B1d26dbeC977C455388ecd794794", "A", "G", "0xef888bcA6AB6B1d26dbeC977C455388ecd794794", 18, NULL);INSERT INTO assets(identifier,type, started, swapped_for) VALUES("eip155:42161/erc20:0xef888bcA6AB6B1d26dbeC977C455388ecd794794", "C", 1624046677, NULL); INSERT INTO common_asset_details(identifier, name, symbol, coingecko, cryptocompare, forked) VALUES("eip155:42161/erc20:0xef888bcA6AB6B1d26dbeC977C455388ecd794794", "Rari Governance Token", "RGT", "rari-governance-token", "", NULL);
INSERT INTO evm_tokens(identifier, token_kind, chain, address, decimals, protocol) VALUES("eip155:42161/erc20:0xF0A5717Ec0883eE56438932b0fe4A20822735fBa", "A", "G", "0xF0A5717Ec0883eE56438932b0fe4A20822735fBa", 18, NULL);INSERT INTO assets(identifier,type, started, swapped_for) VALUES("eip155:42161/erc20:0xF0A5717Ec0883eE56438932b0fe4A20822735fBa", "C", 1633209722, NULL); INSERT INTO common_asset_details(identifier, name, symbol, coingecko, cryptocompare, forked) VALUES("eip155:42161/erc20:0xF0A5717Ec0883eE56438932b0fe4A20822735fBa", "xToken", "XTK", "xtoken", "", NULL);
INSERT INTO evm_tokens(identifier, token_kind, chain, address, decimals, protocol) VALUES("eip155:42161/erc20:0xf4D48Ce3ee1Ac3651998971541bAdbb9A14D7234", "A", "G", "0xf4D48Ce3ee1Ac3651998971541bAdbb9A14D7234", 18, NULL);INSERT INTO assets(identifier,type, started, swapped_for) VALUES("eip155:42161/erc20:0xf4D48Ce3ee1Ac3651998971541bAdbb9A14D7234", "C", 1623877280, NULL); INSERT INTO common_asset_details(identifier, name, symbol, coingecko, cryptocompare, forked) VALUES("eip155:42161/erc20:0xf4D48Ce3ee1Ac3651998971541bAdbb9A14D7234", "Cream", "CREAM", "cream-2", "", NULL);
INSERT INTO evm_tokens(identifier, token_kind, chain, address, decimals, protocol) VALUES("eip155:42161/erc20:0xf97f4df75117a78c1A5a0DBb814Af92458539FB4", "A", "G", "0xf97f4df75117a78c1A5a0DBb814Af92458539FB4", 18, NULL);INSERT INTO assets(identifier,type, started, swapped_for) VALUES("eip155:42161/erc20:0xf97f4df75117a78c1A5a0DBb814Af92458539FB4", "C", 1623867040, NULL); INSERT INTO common_asset_details(identifier, name, symbol, coingecko, cryptocompare, forked) VALUES("eip155:42161/erc20:0xf97f4df75117a78c1A5a0DBb814Af92458539FB4", "ChainLink Token", "LINK", "chainlink", "", NULL);
INSERT INTO evm_tokens(identifier, token_kind, chain, address, decimals, protocol) VALUES("eip155:42161/erc20:0xFa7F8980b0f1E64A2062791cc3b0871572f1F7f0", "A", "G", "0xFa7F8980b0f1E64A2062791cc3b0871572f1F7f0", 18, NULL);INSERT INTO assets(identifier,type, started, swapped_for) VALUES("eip155:42161/erc20:0xFa7F8980b0f1E64A2062791cc3b0871572f1F7f0", "C", 1623867248, NULL); INSERT INTO common_asset_details(identifier, name, symbol, coingecko, cryptocompare, forked) VALUES("eip155:42161/erc20:0xFa7F8980b0f1E64A2062791cc3b0871572f1F7f0", "Uniswap", "UNI", "uniswap", "", NULL);
INSERT INTO evm_tokens(identifier, token_kind, chain, address, decimals, protocol) VALUES("eip155:42161/erc20:0xFd086bC7CD5C481DCC9C85ebE478A1C0b69FCbb9", "A", "G", "0xFd086bC7CD5C481DCC9C85ebE478A1C0b69FCbb9", 6, NULL);INSERT INTO assets(identifier,type, started, swapped_for) VALUES("eip155:42161/erc20:0xFd086bC7CD5C481DCC9C85ebE478A1C0b69FCbb9", "C", 1630432123, NULL); INSERT INTO common_asset_details(identifier, name, symbol, coingecko, cryptocompare, forked) VALUES("eip155:42161/erc20:0xFd086bC7CD5C481DCC9C85ebE478A1C0b69FCbb9", "Tether USD", "USDT", "tether", "", NULL);
INSERT INTO evm_tokens(identifier, token_kind, chain, address, decimals, protocol) VALUES("eip155:42161/erc20:0xFEa7a6a0B346362BF88A9e4A88416B77a57D6c2A", "A", "G", "0xFEa7a6a0B346362BF88A9e4A88416B77a57D6c2A", 18, NULL);INSERT INTO assets(identifier,type, started, swapped_for) VALUES("eip155:42161/erc20:0xFEa7a6a0B346362BF88A9e4A88416B77a57D6c2A", "C", 1631595191, NULL); INSERT INTO common_asset_details(identifier, name, symbol, coingecko, cryptocompare, forked) VALUES("eip155:42161/erc20:0xFEa7a6a0B346362BF88A9e4A88416B77a57D6c2A", "Magic Internet Money", "MIM", "magic-internet-money", "MIM", NULL);
INSERT INTO evm_tokens(identifier, token_kind, chain, address, decimals, protocol) VALUES("eip155:42161/erc20:0xFF970A61A04b1cA14834A43f5dE4533eBDDB5CC8", "A", "G", "0xFF970A61A04b1cA14834A43f5dE4533eBDDB5CC8", 6, NULL);INSERT INTO assets(identifier,type, started, swapped_for) VALUES("eip155:42161/erc20:0xFF970A61A04b1cA14834A43f5dE4533eBDDB5CC8", "C", 1623868379, NULL); INSERT INTO common_asset_details(identifier, name, symbol, coingecko, cryptocompare, forked) VALUES("eip155:42161/erc20:0xFF970A61A04b1cA14834A43f5dE4533eBDDB5CC8", "USD Coin (Arb1)", "USDC", "usd-coin", "", NULL);
INSERT INTO evm_tokens(identifier, token_kind, chain, address, decimals, protocol) VALUES("eip155:43114/erc20:0x027dbcA046ca156De9622cD1e2D907d375e53aa7", "A", "H", "0x027dbcA046ca156De9622cD1e2D907d375e53aa7", 9, NULL);INSERT INTO assets(identifier,type, started, swapped_for) VALUES("eip155:43114/erc20:0x027dbcA046ca156De9622cD1e2D907d375e53aa7", "C", 1632515316, NULL); INSERT INTO common_asset_details(identifier, name, symbol, coingecko, cryptocompare, forked) VALUES("eip155:43114/erc20:0x027dbcA046ca156De9622cD1e2D907d375e53aa7", "Ampleforth secured by Meter Passport", "AMPL", "ampleforth", "", NULL);
INSERT INTO evm_tokens(identifier, token_kind, chain, address, decimals, protocol) VALUES("eip155:43114/erc20:0x078f358208685046a11C85e8ad32895DED33A249", "A", "H", "0x078f358208685046a11C85e8ad32895DED33A249", 8, NULL);INSERT INTO assets(identifier,type, started, swapped_for) VALUES("eip155:43114/erc20:0x078f358208685046a11C85e8ad32895DED33A249", "C", 1647005847, NULL); INSERT INTO common_asset_details(identifier, name, symbol, coingecko, cryptocompare, forked) VALUES("eip155:43114/erc20:0x078f358208685046a11C85e8ad32895DED33A249", "Aave Avalanche WBTC", "aAvaWBTC", "aave-wbtc", "WBTC", NULL);
INSERT INTO evm_tokens(identifier, token_kind, chain, address, decimals, protocol) VALUES("eip155:43114/erc20:0x130966628846BFd36ff31a822705796e8cb8C18D", "A", "H", "0x130966628846BFd36ff31a822705796e8cb8C18D", 18, NULL);INSERT INTO assets(identifier,type, started, swapped_for) VALUES("eip155:43114/erc20:0x130966628846BFd36ff31a822705796e8cb8C18D", "C", 1629957715, NULL); INSERT INTO common_asset_details(identifier, name, symbol, coingecko, cryptocompare, forked) VALUES("eip155:43114/erc20:0x130966628846BFd36ff31a822705796e8cb8C18D", "Magic Internet Money", "MIM", "magic-internet-money", "MIM", NULL);
INSERT INTO evm_tokens(identifier, token_kind, chain, address, decimals, protocol) VALUES("eip155:43114/erc20:0x191c10Aa4AF7C30e871E70C95dB0E4eb77237530", "A", "H", "0x191c10Aa4AF7C30e871E70C95dB0E4eb77237530", 18, NULL);INSERT INTO assets(identifier,type, started, swapped_for) VALUES("eip155:43114/erc20:0x191c10Aa4AF7C30e871E70C95dB0E4eb77237530", "C", 1647001697, NULL); INSERT INTO common_asset_details(identifier, name, symbol, coingecko, cryptocompare, forked) VALUES("eip155:43114/erc20:0x191c10Aa4AF7C30e871E70C95dB0E4eb77237530", "Aave Avalanche LINK", "aAvaLINK", "aave-link", "LINK", NULL);
INSERT INTO evm_tokens(identifier, token_kind, chain, address, decimals, protocol) VALUES("eip155:43114/erc20:0x19860CCB0A68fd4213aB9D8266F7bBf05A8dDe98", "A", "H", "0x19860CCB0A68fd4213aB9D8266F7bBf05A8dDe98", 18, NULL);INSERT INTO assets(identifier,type, started, swapped_for) VALUES("eip155:43114/erc20:0x19860CCB0A68fd4213aB9D8266F7bBf05A8dDe98", "C", 1627052355, NULL); INSERT INTO common_asset_details(identifier, name, symbol, coingecko, cryptocompare, forked) VALUES("eip155:43114/erc20:0x19860CCB0A68fd4213aB9D8266F7bBf05A8dDe98", "Binance USD", "BUSD.e", "binance-usd", "", NULL);
INSERT INTO evm_tokens(identifier, token_kind, chain, address, decimals, protocol) VALUES("eip155:43114/erc20:0x1C20E891Bab6b1727d14Da358FAe2984Ed9B59EB", "A", "H", "0x1C20E891Bab6b1727d14Da358FAe2984Ed9B59EB", 18, NULL);INSERT INTO assets(identifier,type, started, swapped_for) VALUES("eip155:43114/erc20:0x1C20E891Bab6b1727d14Da358FAe2984Ed9B59EB", "C", 1612151646, NULL); INSERT INTO common_asset_details(identifier, name, symbol, coingecko, cryptocompare, forked) VALUES("eip155:43114/erc20:0x1C20E891Bab6b1727d14Da358FAe2984Ed9B59EB", "TrueUSD", "TUSD", "true-usd", "", NULL);
INSERT INTO evm_tokens(identifier, token_kind, chain, address, decimals, protocol) VALUES("eip155:43114/erc20:0x20CF1b6E9d856321ed4686877CF4538F2C84B4dE", "A", "H", "0x20CF1b6E9d856321ed4686877CF4538F2C84B4dE", 18, NULL);INSERT INTO assets(identifier,type, started, swapped_for) VALUES("eip155:43114/erc20:0x20CF1b6E9d856321ed4686877CF4538F2C84B4dE", "C", 1638940998, NULL); INSERT INTO common_asset_details(identifier, name, symbol, coingecko, cryptocompare, forked) VALUES("eip155:43114/erc20:0x20CF1b6E9d856321ed4686877CF4538F2C84B4dE", "Ankr Network", "ANKR", "ankr", "", NULL);
INSERT INTO evm_tokens(identifier, token_kind, chain, address, decimals, protocol) VALUES("eip155:43114/erc20:0x2147EFFF675e4A4eE1C2f918d181cDBd7a8E208f", "A", "H", "0x2147EFFF675e4A4eE1C2f918d181cDBd7a8E208f", 18, NULL);INSERT INTO assets(identifier,type, started, swapped_for) VALUES("eip155:43114/erc20:0x2147EFFF675e4A4eE1C2f918d181cDBd7a8E208f", "C", 1638481672, NULL); INSERT INTO common_asset_details(identifier, name, symbol, coingecko, cryptocompare, forked) VALUES("eip155:43114/erc20:0x2147EFFF675e4A4eE1C2f918d181cDBd7a8E208f", "AlphaToken", "ALPHA.e", "alpha-finance", "", NULL);
INSERT INTO evm_tokens(identifier, token_kind, chain, address, decimals, protocol) VALUES("eip155:43114/erc20:0x214DB107654fF987AD859F34125307783fC8e387", "A", "H", "0x214DB107654fF987AD859F34125307783fC8e387", 18, NULL);INSERT INTO assets(identifier,type, started, swapped_for) VALUES("eip155:43114/erc20:0x214DB107654fF987AD859F34125307783fC8e387", "C", 1631911734, NULL); INSERT INTO common_asset_details(identifier, name, symbol, coingecko, cryptocompare, forked) VALUES("eip155:43114/erc20:0x214DB107654fF987AD859F34125307783fC8e387", "Frax Share", "FXS", "frax-share", "", NULL);
INSERT INTO evm_tokens(identifier, token_kind, chain, address, decimals, protocol) VALUES("eip155:43114/erc20:0x2F6F07CDcf3588944Bf4C42aC74ff24bF56e7590", "A", "H", "0x2F6F07CDcf3588944Bf4C42aC74ff24bF56e7590", 18, NULL);INSERT INTO assets(identifier,type, started, swapped_for) VALUES("eip155:43114/erc20:0x2F6F07CDcf3588944Bf4C42aC74ff24bF56e7590", "C", 1647503075, NULL); INSERT INTO common_asset_details(identifier, name, symbol, coingecko, cryptocompare, forked) VALUES("eip155:43114/erc20:0x2F6F07CDcf3588944Bf4C42aC74ff24bF56e7590", "StargateToken", "STG", "stargate-finance", "STG", NULL);
INSERT INTO evm_tokens(identifier, token_kind, chain, address, decimals, protocol) VALUES("eip155:43114/erc20:0x2f86508f41310D8D974B76deb3D246c0caa71cf5", "A", "H", "0x2f86508f41310D8D974B76deb3D246c0caa71cf5", 18, NULL);INSERT INTO assets(identifier,type, started, swapped_for) VALUES("eip155:43114/erc20:0x2f86508f41310D8D974B76deb3D246c0caa71cf5", "C", 1632490807, NULL); INSERT INTO common_asset_details(identifier, name, symbol, coingecko, cryptocompare, forked) VALUES("eip155:43114/erc20:0x2f86508f41310D8D974B76deb3D246c0caa71cf5", "Hot Cross Token", "HOTCROSS", "hot-cross", "HOTCROSS", NULL);
INSERT INTO evm_tokens(identifier, token_kind, chain, address, decimals, protocol) VALUES("eip155:43114/erc20:0x37B608519F91f70F2EeB0e5Ed9AF4061722e4F76", "A", "H", "0x37B608519F91f70F2EeB0e5Ed9AF4061722e4F76", 18, NULL);INSERT INTO assets(identifier,type, started, swapped_for) VALUES("eip155:43114/erc20:0x37B608519F91f70F2EeB0e5Ed9AF4061722e4F76", "C", 1627052376, NULL); INSERT INTO common_asset_details(identifier, name, symbol, coingecko, cryptocompare, forked) VALUES("eip155:43114/erc20:0x37B608519F91f70F2EeB0e5Ed9AF4061722e4F76", "SushiToken", "SUSHI.e", "sushi", "", NULL);
INSERT INTO evm_tokens(identifier, token_kind, chain, address, decimals, protocol) VALUES("eip155:43114/erc20:0x3Bd2B1c7ED8D396dbb98DED3aEbb41350a5b2339", "A", "H", "0x3Bd2B1c7ED8D396dbb98DED3aEbb41350a5b2339", 18, NULL);INSERT INTO assets(identifier,type, started, swapped_for) VALUES("eip155:43114/erc20:0x3Bd2B1c7ED8D396dbb98DED3aEbb41350a5b2339", "C", 1627052364, NULL); INSERT INTO common_asset_details(identifier, name, symbol, coingecko, cryptocompare, forked) VALUES("eip155:43114/erc20:0x3Bd2B1c7ED8D396dbb98DED3aEbb41350a5b2339", "UMA Voting Token v1", "UMA.e", "uma", "", NULL);
INSERT INTO evm_tokens(identifier, token_kind, chain, address, decimals, protocol) VALUES("eip155:43114/erc20:0x3CE2fceC09879af073B53beF5f4D04327a1bC032", "A", "H", "0x3CE2fceC09879af073B53beF5f4D04327a1bC032", 18, NULL);INSERT INTO assets(identifier,type, started, swapped_for) VALUES("eip155:43114/erc20:0x3CE2fceC09879af073B53beF5f4D04327a1bC032", "C", 1649228117, NULL); INSERT INTO common_asset_details(identifier, name, symbol, coingecko, cryptocompare, forked) VALUES("eip155:43114/erc20:0x3CE2fceC09879af073B53beF5f4D04327a1bC032", "Hurricane NFT Token", "NHCT", "hurricane-nft", "", NULL);
INSERT INTO evm_tokens(identifier, token_kind, chain, address, decimals, protocol) VALUES("eip155:43114/erc20:0x4036f3d9c45a20f44f0b8B85dD6CA33005fF9654", "A", "H", "0x4036f3d9c45a20f44f0b8B85dD6CA33005fF9654", 18, NULL);INSERT INTO assets(identifier,type, started, swapped_for) VALUES("eip155:43114/erc20:0x4036f3d9c45a20f44f0b8B85dD6CA33005fF9654", "C", 1651143984, NULL); INSERT INTO common_asset_details(identifier, name, symbol, coingecko, cryptocompare, forked) VALUES("eip155:43114/erc20:0x4036f3d9c45a20f44f0b8B85dD6CA33005fF9654", "ROOBEE", "ROOBEE", "roobee", "", NULL);
INSERT INTO evm_tokens(identifier, token_kind, chain, address, decimals, protocol) VALUES("eip155:43114/erc20:0x44754455564474A89358B2C2265883DF993b12F0", "A", "H", "0x44754455564474A89358B2C2265883DF993b12F0", 18, NULL);INSERT INTO assets(identifier,type, started, swapped_for) VALUES("eip155:43114/erc20:0x44754455564474A89358B2C2265883DF993b12F0", "C", 1644592366, NULL); INSERT INTO common_asset_details(identifier, name, symbol, coingecko, cryptocompare, forked) VALUES("eip155:43114/erc20:0x44754455564474A89358B2C2265883DF993b12F0", "ZeroSwapToken", "ZEE", "zeroswap", "", NULL);
INSERT INTO evm_tokens(identifier, token_kind, chain, address, decimals, protocol) VALUES("eip155:43114/erc20:0x488F73cddDA1DE3664775fFd91623637383D6404", "A", "H", "0x488F73cddDA1DE3664775fFd91623637383D6404", 18, NULL);INSERT INTO assets(identifier,type, started, swapped_for) VALUES("eip155:43114/erc20:0x488F73cddDA1DE3664775fFd91623637383D6404", "C", 1614533838, NULL); INSERT INTO common_asset_details(identifier, name, symbol, coingecko, cryptocompare, forked) VALUES("eip155:43114/erc20:0x488F73cddDA1DE3664775fFd91623637383D6404", "YetiSwap", "YTS", "yearn-ecosystem-token-index", "", NULL);
INSERT INTO evm_tokens(identifier, token_kind, chain, address, decimals, protocol) VALUES("eip155:43114/erc20:0x49D5c2BdFfac6CE2BFdB6640F4F80f226bc10bAB", "A", "H", "0x49D5c2BdFfac6CE2BFdB6640F4F80f226bc10bAB", 18, NULL);INSERT INTO assets(identifier,type, started, swapped_for) VALUES("eip155:43114/erc20:0x49D5c2BdFfac6CE2BFdB6640F4F80f226bc10bAB", "C", 1627052377, NULL); INSERT INTO common_asset_details(identifier, name, symbol, coingecko, cryptocompare, forked) VALUES("eip155:43114/erc20:0x49D5c2BdFfac6CE2BFdB6640F4F80f226bc10bAB", "Wrapped Ether", "WETH.e", "weth", "", NULL);
INSERT INTO evm_tokens(identifier, token_kind, chain, address, decimals, protocol) VALUES("eip155:43114/erc20:0x4e3642603a75528489C2D94f86e9507260d3c5a1", "A", "H", "0x4e3642603a75528489C2D94f86e9507260d3c5a1", 18, NULL);INSERT INTO assets(identifier,type, started, swapped_for) VALUES("eip155:43114/erc20:0x4e3642603a75528489C2D94f86e9507260d3c5a1", "C", 1636721417, NULL); INSERT INTO common_asset_details(identifier, name, symbol, coingecko, cryptocompare, forked) VALUES("eip155:43114/erc20:0x4e3642603a75528489C2D94f86e9507260d3c5a1", "Juggernaut DeFi", "JGN", "juggernaut", "JGN", NULL);
INSERT INTO evm_tokens(identifier, token_kind, chain, address, decimals, protocol) VALUES("eip155:43114/erc20:0x50b7545627a5162F82A992c33b87aDc75187B218", "A", "H", "0x50b7545627a5162F82A992c33b87aDc75187B218", 8, NULL);INSERT INTO assets(identifier,type, started, swapped_for) VALUES("eip155:43114/erc20:0x50b7545627a5162F82A992c33b87aDc75187B218", "C", 1627052364, NULL); INSERT INTO common_asset_details(identifier, name, symbol, coingecko, cryptocompare, forked) VALUES("eip155:43114/erc20:0x50b7545627a5162F82A992c33b87aDc75187B218", "Wrapped BTC", "WBTC.e", "wrapped-bitcoin", "", NULL);
INSERT INTO evm_tokens(identifier, token_kind, chain, address, decimals, protocol) VALUES("eip155:43114/erc20:0x511D35c52a3C244E7b8bd92c0C297755FbD89212", "A", "H", "0x511D35c52a3C244E7b8bd92c0C297755FbD89212", 18, NULL);INSERT INTO assets(identifier,type, started, swapped_for) VALUES("eip155:43114/erc20:0x511D35c52a3C244E7b8bd92c0C297755FbD89212", "C", 1645091757, NULL); INSERT INTO common_asset_details(identifier, name, symbol, coingecko, cryptocompare, forked) VALUES("eip155:43114/erc20:0x511D35c52a3C244E7b8bd92c0C297755FbD89212", "Beta Token", "BETA", "beta-finance", "BETA", NULL);
INSERT INTO evm_tokens(identifier, token_kind, chain, address, decimals, protocol) VALUES("eip155:43114/erc20:0x564A341Df6C126f90cf3ECB92120FD7190ACb401", "A", "H", "0x564A341Df6C126f90cf3ECB92120FD7190ACb401", 6, NULL);INSERT INTO assets(identifier,type, started, swapped_for) VALUES("eip155:43114/erc20:0x564A341Df6C126f90cf3ECB92120FD7190ACb401", "C", 1622108970, NULL); INSERT INTO common_asset_details(identifier, name, symbol, coingecko, cryptocompare, forked) VALUES("eip155:43114/erc20:0x564A341Df6C126f90cf3ECB92120FD7190ACb401", "BiLira", "TRYB", "bilira", "", NULL);
INSERT INTO evm_tokens(identifier, token_kind, chain, address, decimals, protocol) VALUES("eip155:43114/erc20:0x5947BB275c521040051D82396192181b413227A3", "A", "H", "0x5947BB275c521040051D82396192181b413227A3", 18, NULL);INSERT INTO assets(identifier,type, started, swapped_for) VALUES("eip155:43114/erc20:0x5947BB275c521040051D82396192181b413227A3", "C", 1627052367, NULL); INSERT INTO common_asset_details(identifier, name, symbol, coingecko, cryptocompare, forked) VALUES("eip155:43114/erc20:0x5947BB275c521040051D82396192181b413227A3", "Chainlink Token", "LINK.e", "chainlink", "", NULL);
INSERT INTO evm_tokens(identifier, token_kind, chain, address, decimals, protocol) VALUES("eip155:43114/erc20:0x596fA47043f99A4e0F122243B841E55375cdE0d2", "A", "H", "0x596fA47043f99A4e0F122243B841E55375cdE0d2", 18, NULL);INSERT INTO assets(identifier,type, started, swapped_for) VALUES("eip155:43114/erc20:0x596fA47043f99A4e0F122243B841E55375cdE0d2", "C", 1627052377, NULL); INSERT INTO common_asset_details(identifier, name, symbol, coingecko, cryptocompare, forked) VALUES("eip155:43114/erc20:0x596fA47043f99A4e0F122243B841E55375cdE0d2", "ZRX", "ZRX.e", "0x", "", NULL);
INSERT INTO evm_tokens(identifier, token_kind, chain, address, decimals, protocol) VALUES("eip155:43114/erc20:0x60781C2586D68229fde47564546784ab3fACA982", "A", "H", "0x60781C2586D68229fde47564546784ab3fACA982", 18, NULL);INSERT INTO assets(identifier,type, started, swapped_for) VALUES("eip155:43114/erc20:0x60781C2586D68229fde47564546784ab3fACA982", "C", 1612815307, NULL); INSERT INTO common_asset_details(identifier, name, symbol, coingecko, cryptocompare, forked) VALUES("eip155:43114/erc20:0x60781C2586D68229fde47564546784ab3fACA982", "Pangolin", "PNG", "pangolin", "PNG", NULL);
INSERT INTO evm_tokens(identifier, token_kind, chain, address, decimals, protocol) VALUES("eip155:43114/erc20:0x625E7708f30cA75bfd92586e17077590C60eb4cD", "A", "H", "0x625E7708f30cA75bfd92586e17077590C60eb4cD", 6, NULL);INSERT INTO assets(identifier,type, started, swapped_for) VALUES("eip155:43114/erc20:0x625E7708f30cA75bfd92586e17077590C60eb4cD", "C", 1647001697, NULL); INSERT INTO common_asset_details(identifier, name, symbol, coingecko, cryptocompare, forked) VALUES("eip155:43114/erc20:0x625E7708f30cA75bfd92586e17077590C60eb4cD", "Aave Avalanche USDC", "aAvaUSDC", "aave-usdc", "USDC", NULL);
INSERT INTO evm_tokens(identifier, token_kind, chain, address, decimals, protocol) VALUES("eip155:43114/erc20:0x63a72806098Bd3D9520cC43356dD78afe5D386D9", "A", "H", "0x63a72806098Bd3D9520cC43356dD78afe5D386D9", 18, NULL);INSERT INTO assets(identifier,type, started, swapped_for) VALUES("eip155:43114/erc20:0x63a72806098Bd3D9520cC43356dD78afe5D386D9", "C", 1627052361, NULL); INSERT INTO common_asset_details(identifier, name, symbol, coingecko, cryptocompare, forked) VALUES("eip155:43114/erc20:0x63a72806098Bd3D9520cC43356dD78afe5D386D9", "Aave Token", "AAVE.e", "aave", "", NULL);
INSERT INTO evm_tokens(identifier, token_kind, chain, address, decimals, protocol) VALUES("eip155:43114/erc20:0x6ab707Aca953eDAeFBc4fD23bA73294241490620", "A", "H", "0x6ab707Aca953eDAeFBc4fD23bA73294241490620", 6, NULL);INSERT INTO assets(identifier,type, started, swapped_for) VALUES("eip155:43114/erc20:0x6ab707Aca953eDAeFBc4fD23bA73294241490620", "C", 1647005847, NULL); INSERT INTO common_asset_details(identifier, name, symbol, coingecko, cryptocompare, forked) VALUES("eip155:43114/erc20:0x6ab707Aca953eDAeFBc4fD23bA73294241490620", "Aave Avalanche USDT", "aAvaUSDT", "aave-usdt", "USDT", NULL);
INSERT INTO evm_tokens(identifier, token_kind, chain, address, decimals, protocol) VALUES("eip155:43114/erc20:0x6b289CCeAA8639e3831095D75A3e43520faBf552", "A", "H", "0x6b289CCeAA8639e3831095D75A3e43520faBf552", 18, NULL);INSERT INTO assets(identifier,type, started, swapped_for) VALUES("eip155:43114/erc20:0x6b289CCeAA8639e3831095D75A3e43520faBf552", "C", 1634178535, NULL); INSERT INTO common_asset_details(identifier, name, symbol, coingecko, cryptocompare, forked) VALUES("eip155:43114/erc20:0x6b289CCeAA8639e3831095D75A3e43520faBf552", "Cartesi Token", "CTSI", "cartesi", "", NULL);
INSERT INTO evm_tokens(identifier, token_kind, chain, address, decimals, protocol) VALUES("eip155:43114/erc20:0x6e84a6216eA6dACC71eE8E6b0a5B7322EEbC0fDd", "A", "H", "0x6e84a6216eA6dACC71eE8E6b0a5B7322EEbC0fDd", 18, NULL);INSERT INTO assets(identifier,type, started, swapped_for) VALUES("eip155:43114/erc20:0x6e84a6216eA6dACC71eE8E6b0a5B7322EEbC0fDd", "C", 1624780261, NULL); INSERT INTO common_asset_details(identifier, name, symbol, coingecko, cryptocompare, forked) VALUES("eip155:43114/erc20:0x6e84a6216eA6dACC71eE8E6b0a5B7322EEbC0fDd", "JoeToken", "JOE", "joe", "JOE", NULL);
INSERT INTO evm_tokens(identifier, token_kind, chain, address, decimals, protocol) VALUES("eip155:43114/erc20:0x714f020C54cc9D104B6F4f6998C63ce2a31D1888", "A", "H", "0x714f020C54cc9D104B6F4f6998C63ce2a31D1888", 18, NULL);INSERT INTO assets(identifier,type, started, swapped_for) VALUES("eip155:43114/erc20:0x714f020C54cc9D104B6F4f6998C63ce2a31D1888", "C", 1649709154, NULL); INSERT INTO common_asset_details(identifier, name, symbol, coingecko, cryptocompare, forked) VALUES("eip155:43114/erc20:0x714f020C54cc9D104B6F4f6998C63ce2a31D1888", "STEP.APP", "FITFI", "step-app-fitfi", "FITFI", NULL);
INSERT INTO evm_tokens(identifier, token_kind, chain, address, decimals, protocol) VALUES("eip155:43114/erc20:0x72BC9D71dd9ad563F52270C6ce5FB30F617C7a1d", "A", "H", "0x72BC9D71dd9ad563F52270C6ce5FB30F617C7a1d", 18, NULL);INSERT INTO assets(identifier,type, started, swapped_for) VALUES("eip155:43114/erc20:0x72BC9D71dd9ad563F52270C6ce5FB30F617C7a1d", "C", 1642169714, NULL); INSERT INTO common_asset_details(identifier, name, symbol, coingecko, cryptocompare, forked) VALUES("eip155:43114/erc20:0x72BC9D71dd9ad563F52270C6ce5FB30F617C7a1d", "ONSTON", "ONSTON", "onston", "ONSTON", NULL);
INSERT INTO evm_tokens(identifier, token_kind, chain, address, decimals, protocol) VALUES("eip155:43114/erc20:0x82E64f49Ed5EC1bC6e43DAD4FC8Af9bb3A2312EE", "A", "H", "0x82E64f49Ed5EC1bC6e43DAD4FC8Af9bb3A2312EE", 18, NULL);INSERT INTO assets(identifier,type, started, swapped_for) VALUES("eip155:43114/erc20:0x82E64f49Ed5EC1bC6e43DAD4FC8Af9bb3A2312EE", "C", 1647001697, NULL); INSERT INTO common_asset_details(identifier, name, symbol, coingecko, cryptocompare, forked) VALUES("eip155:43114/erc20:0x82E64f49Ed5EC1bC6e43DAD4FC8Af9bb3A2312EE", "Aave Avalanche DAI", "aAvaDAI", "aave-dai", "DAI", NULL);
INSERT INTO evm_tokens(identifier, token_kind, chain, address, decimals, protocol) VALUES("eip155:43114/erc20:0x8729438EB15e2C8B576fCc6AeCdA6A148776C0F5", "A", "H", "0x8729438EB15e2C8B576fCc6AeCdA6A148776C0F5", 18, NULL);INSERT INTO assets(identifier,type, started, swapped_for) VALUES("eip155:43114/erc20:0x8729438EB15e2C8B576fCc6AeCdA6A148776C0F5", "C", 1628677181, NULL); INSERT INTO common_asset_details(identifier, name, symbol, coingecko, cryptocompare, forked) VALUES("eip155:43114/erc20:0x8729438EB15e2C8B576fCc6AeCdA6A148776C0F5", "BENQI", "QI", "benqi", "", NULL);
INSERT INTO evm_tokens(identifier, token_kind, chain, address, decimals, protocol) VALUES("eip155:43114/erc20:0x88128fd4b259552A9A1D457f435a6527AAb72d42", "A", "H", "0x88128fd4b259552A9A1D457f435a6527AAb72d42", 18, NULL);INSERT INTO assets(identifier,type, started, swapped_for) VALUES("eip155:43114/erc20:0x88128fd4b259552A9A1D457f435a6527AAb72d42", "C", 1627052370, NULL); INSERT INTO common_asset_details(identifier, name, symbol, coingecko, cryptocompare, forked) VALUES("eip155:43114/erc20:0x88128fd4b259552A9A1D457f435a6527AAb72d42", "Maker", "MKR.e", "maker", "", NULL);
INSERT INTO evm_tokens(identifier, token_kind, chain, address, decimals, protocol) VALUES("eip155:43114/erc20:0x8a0cAc13c7da965a312f08ea4229c37869e85cB9", "A", "H", "0x8a0cAc13c7da965a312f08ea4229c37869e85cB9", 18, NULL);INSERT INTO assets(identifier,type, started, swapped_for) VALUES("eip155:43114/erc20:0x8a0cAc13c7da965a312f08ea4229c37869e85cB9", "C", 1627052358, NULL); INSERT INTO common_asset_details(identifier, name, symbol, coingecko, cryptocompare, forked) VALUES("eip155:43114/erc20:0x8a0cAc13c7da965a312f08ea4229c37869e85cB9", "Graph Token", "GRT.e", "the-graph", "", NULL);
INSERT INTO evm_tokens(identifier, token_kind, chain, address, decimals, protocol) VALUES("eip155:43114/erc20:0x8eBAf22B6F053dFFeaf46f4Dd9eFA95D89ba8580", "A", "H", "0x8eBAf22B6F053dFFeaf46f4Dd9eFA95D89ba8580", 18, NULL);INSERT INTO assets(identifier,type, started, swapped_for) VALUES("eip155:43114/erc20:0x8eBAf22B6F053dFFeaf46f4Dd9eFA95D89ba8580", "C", 1627052373, NULL); INSERT INTO common_asset_details(identifier, name, symbol, coingecko, cryptocompare, forked) VALUES("eip155:43114/erc20:0x8eBAf22B6F053dFFeaf46f4Dd9eFA95D89ba8580", "Uniswap", "UNI.e", "uniswap", "", NULL);
INSERT INTO evm_tokens(identifier, token_kind, chain, address, decimals, protocol) VALUES("eip155:43114/erc20:0x961C8c0B1aaD0c0b10a51FeF6a867E3091BCef17", "A", "H", "0x961C8c0B1aaD0c0b10a51FeF6a867E3091BCef17", 18, NULL);INSERT INTO assets(identifier,type, started, swapped_for) VALUES("eip155:43114/erc20:0x961C8c0B1aaD0c0b10a51FeF6a867E3091BCef17", "C", 1625580461, NULL); INSERT INTO common_asset_details(identifier, name, symbol, coingecko, cryptocompare, forked) VALUES("eip155:43114/erc20:0x961C8c0B1aaD0c0b10a51FeF6a867E3091BCef17", "DeFiYieldProtocol", "DYP", "defi-yield-protocol", "DYP", NULL);
INSERT INTO evm_tokens(identifier, token_kind, chain, address, decimals, protocol) VALUES("eip155:43114/erc20:0x9702230A8Ea53601f5cD2dc00fDBc13d4dF4A8c7", "A", "H", "0x9702230A8Ea53601f5cD2dc00fDBc13d4dF4A8c7", 6, NULL);INSERT INTO assets(identifier,type, started, swapped_for) VALUES("eip155:43114/erc20:0x9702230A8Ea53601f5cD2dc00fDBc13d4dF4A8c7", "C", 1632245731, NULL); INSERT INTO common_asset_details(identifier, name, symbol, coingecko, cryptocompare, forked) VALUES("eip155:43114/erc20:0x9702230A8Ea53601f5cD2dc00fDBc13d4dF4A8c7", "TetherToken", "USDt", "tether", "", NULL);
INSERT INTO evm_tokens(identifier, token_kind, chain, address, decimals, protocol) VALUES("eip155:43114/erc20:0x97Cd1CFE2ed5712660bb6c14053C0EcB031Bff7d", "A", "H", "0x97Cd1CFE2ed5712660bb6c14053C0EcB031Bff7d", 18, NULL);INSERT INTO assets(identifier,type, started, swapped_for) VALUES("eip155:43114/erc20:0x97Cd1CFE2ed5712660bb6c14053C0EcB031Bff7d", "C", 1632291561, NULL); INSERT INTO common_asset_details(identifier, name, symbol, coingecko, cryptocompare, forked) VALUES("eip155:43114/erc20:0x97Cd1CFE2ed5712660bb6c14053C0EcB031Bff7d", "Rai Reflex Index", "RAI", "rai", "RAI", NULL);
INSERT INTO evm_tokens(identifier, token_kind, chain, address, decimals, protocol) VALUES("eip155:43114/erc20:0x98443B96EA4b0858FDF3219Cd13e98C7A4690588", "A", "H", "0x98443B96EA4b0858FDF3219Cd13e98C7A4690588", 18, NULL);INSERT INTO assets(identifier,type, started, swapped_for) VALUES("eip155:43114/erc20:0x98443B96EA4b0858FDF3219Cd13e98C7A4690588", "C", 1627052376, NULL); INSERT INTO common_asset_details(identifier, name, symbol, coingecko, cryptocompare, forked) VALUES("eip155:43114/erc20:0x98443B96EA4b0858FDF3219Cd13e98C7A4690588", "Basic Attention Token", "BAT.e", "basic-attention-token", "", NULL);
INSERT INTO evm_tokens(identifier, token_kind, chain, address, decimals, protocol) VALUES("eip155:43114/erc20:0x9E037dE681CaFA6E661e6108eD9c2bd1AA567Ecd", "A", "H", "0x9E037dE681CaFA6E661e6108eD9c2bd1AA567Ecd", 18, NULL);INSERT INTO assets(identifier,type, started, swapped_for) VALUES("eip155:43114/erc20:0x9E037dE681CaFA6E661e6108eD9c2bd1AA567Ecd", "C", 1624621074, NULL); INSERT INTO common_asset_details(identifier, name, symbol, coingecko, cryptocompare, forked) VALUES("eip155:43114/erc20:0x9E037dE681CaFA6E661e6108eD9c2bd1AA567Ecd", "Wrapped AllianceBlock Token", "WALBT", "allianceblock", "", NULL);
INSERT INTO evm_tokens(identifier, token_kind, chain, address, decimals, protocol) VALUES("eip155:43114/erc20:0x9eAaC1B23d935365bD7b542Fe22cEEe2922f52dc", "A", "H", "0x9eAaC1B23d935365bD7b542Fe22cEEe2922f52dc", 18, NULL);INSERT INTO assets(identifier,type, started, swapped_for) VALUES("eip155:43114/erc20:0x9eAaC1B23d935365bD7b542Fe22cEEe2922f52dc", "C", 1627052361, NULL); INSERT INTO common_asset_details(identifier, name, symbol, coingecko, cryptocompare, forked) VALUES("eip155:43114/erc20:0x9eAaC1B23d935365bD7b542Fe22cEEe2922f52dc", "yearn.finance", "YFI.e", "yearn-finance", "", NULL);
INSERT INTO evm_tokens(identifier, token_kind, chain, address, decimals, protocol) VALUES("eip155:43114/erc20:0x9Fb9a33956351cf4fa040f65A13b835A3C8764E3", "A", "H", "0x9Fb9a33956351cf4fa040f65A13b835A3C8764E3", 18, NULL);INSERT INTO assets(identifier,type, started, swapped_for) VALUES("eip155:43114/erc20:0x9Fb9a33956351cf4fa040f65A13b835A3C8764E3", "C", 1639563589, NULL); INSERT INTO common_asset_details(identifier, name, symbol, coingecko, cryptocompare, forked) VALUES("eip155:43114/erc20:0x9Fb9a33956351cf4fa040f65A13b835A3C8764E3", "Multichain", "MULTI", "multichain", "MULTI", NULL);
INSERT INTO evm_tokens(identifier, token_kind, chain, address, decimals, protocol) VALUES("eip155:43114/erc20:0xaBC9547B534519fF73921b1FBA6E672b5f58D083", "A", "H", "0xaBC9547B534519fF73921b1FBA6E672b5f58D083", 18, NULL);INSERT INTO assets(identifier,type, started, swapped_for) VALUES("eip155:43114/erc20:0xaBC9547B534519fF73921b1FBA6E672b5f58D083", "C", 1638481670, NULL); INSERT INTO common_asset_details(identifier, name, symbol, coingecko, cryptocompare, forked) VALUES("eip155:43114/erc20:0xaBC9547B534519fF73921b1FBA6E672b5f58D083", "Wootrade Network", "WOO.e", "woo-network", "", NULL);
INSERT INTO evm_tokens(identifier, token_kind, chain, address, decimals, protocol) VALUES("eip155:43114/erc20:0xB0a6e056B587D0a85640b39b1cB44086F7a26A1E", "A", "H", "0xB0a6e056B587D0a85640b39b1cB44086F7a26A1E", 18, NULL);INSERT INTO assets(identifier,type, started, swapped_for) VALUES("eip155:43114/erc20:0xB0a6e056B587D0a85640b39b1cB44086F7a26A1E", "C", 1643955937, NULL); INSERT INTO common_asset_details(identifier, name, symbol, coingecko, cryptocompare, forked) VALUES("eip155:43114/erc20:0xB0a6e056B587D0a85640b39b1cB44086F7a26A1E", "OddzToken", "ODDZ", "oddz", "ODDZ", NULL);
INSERT INTO evm_tokens(identifier, token_kind, chain, address, decimals, protocol) VALUES("eip155:43114/erc20:0xb2a85C5ECea99187A977aC34303b80AcbDdFa208", "A", "H", "0xb2a85C5ECea99187A977aC34303b80AcbDdFa208", 18, NULL);INSERT INTO assets(identifier,type, started, swapped_for) VALUES("eip155:43114/erc20:0xb2a85C5ECea99187A977aC34303b80AcbDdFa208", "C", 1634594148, NULL); INSERT INTO common_asset_details(identifier, name, symbol, coingecko, cryptocompare, forked) VALUES("eip155:43114/erc20:0xb2a85C5ECea99187A977aC34303b80AcbDdFa208", "ROCO", "ROCO", "roco-finance", "ROCO", NULL);
INSERT INTO evm_tokens(identifier, token_kind, chain, address, decimals, protocol) VALUES("eip155:43114/erc20:0xB44a9B6905aF7c801311e8F4E76932ee959c663C", "A", "H", "0xB44a9B6905aF7c801311e8F4E76932ee959c663C", 18, NULL);INSERT INTO assets(identifier,type, started, swapped_for) VALUES("eip155:43114/erc20:0xB44a9B6905aF7c801311e8F4E76932ee959c663C", "C", 1616742337, NULL); INSERT INTO common_asset_details(identifier, name, symbol, coingecko, cryptocompare, forked) VALUES("eip155:43114/erc20:0xB44a9B6905aF7c801311e8F4E76932ee959c663C", "Anyswap", "ANY", "anyswap", "", NULL);
INSERT INTO evm_tokens(identifier, token_kind, chain, address, decimals, protocol) VALUES("eip155:43114/erc20:0xb54f16fB19478766A268F172C9480f8da1a7c9C3", "A", "H", "0xb54f16fB19478766A268F172C9480f8da1a7c9C3", 9, NULL);INSERT INTO assets(identifier,type, started, swapped_for) VALUES("eip155:43114/erc20:0xb54f16fB19478766A268F172C9480f8da1a7c9C3", "C", 1630606431, NULL); INSERT INTO common_asset_details(identifier, name, symbol, coingecko, cryptocompare, forked) VALUES("eip155:43114/erc20:0xb54f16fB19478766A268F172C9480f8da1a7c9C3", "Time", "TIME", "wonderland", "", NULL);
INSERT INTO evm_tokens(identifier, token_kind, chain, address, decimals, protocol) VALUES("eip155:43114/erc20:0xB97EF9Ef8734C71904D8002F8b6Bc66Dd9c48a6E", "A", "H", "0xB97EF9Ef8734C71904D8002F8b6Bc66Dd9c48a6E", 6, NULL);INSERT INTO assets(identifier,type, started, swapped_for) VALUES("eip155:43114/erc20:0xB97EF9Ef8734C71904D8002F8b6Bc66Dd9c48a6E", "C", 1637802339, NULL); INSERT INTO common_asset_details(identifier, name, symbol, coingecko, cryptocompare, forked) VALUES("eip155:43114/erc20:0xB97EF9Ef8734C71904D8002F8b6Bc66Dd9c48a6E", "USD Coin", "USDC", "usd-coin", "", NULL);
INSERT INTO evm_tokens(identifier, token_kind, chain, address, decimals, protocol) VALUES("eip155:43114/erc20:0xbd3936eC8D83A5D4e73ecA625eCFa006da8C8F52", "A", "H", "0xbd3936eC8D83A5D4e73ecA625eCFa006da8C8F52", 18, NULL);INSERT INTO assets(identifier,type, started, swapped_for) VALUES("eip155:43114/erc20:0xbd3936eC8D83A5D4e73ecA625eCFa006da8C8F52", "C", 1640283455, NULL); INSERT INTO common_asset_details(identifier, name, symbol, coingecko, cryptocompare, forked) VALUES("eip155:43114/erc20:0xbd3936eC8D83A5D4e73ecA625eCFa006da8C8F52", "UREEQA Token [via ChainPort.io]", "URQA", "ureeqa", "", NULL);
INSERT INTO evm_tokens(identifier, token_kind, chain, address, decimals, protocol) VALUES("eip155:43114/erc20:0xBeC243C995409E6520D7C41E404da5dEba4b209B", "A", "H", "0xBeC243C995409E6520D7C41E404da5dEba4b209B", 18, NULL);INSERT INTO assets(identifier,type, started, swapped_for) VALUES("eip155:43114/erc20:0xBeC243C995409E6520D7C41E404da5dEba4b209B", "C", 1627052367, NULL); INSERT INTO common_asset_details(identifier, name, symbol, coingecko, cryptocompare, forked) VALUES("eip155:43114/erc20:0xBeC243C995409E6520D7C41E404da5dEba4b209B", "Synthetix Network Token", "SNX.e", "havven", "", NULL);
INSERT INTO evm_tokens(identifier, token_kind, chain, address, decimals, protocol) VALUES("eip155:43114/erc20:0xc3048E19E76CB9a3Aa9d77D8C03c29Fc906e2437", "A", "H", "0xc3048E19E76CB9a3Aa9d77D8C03c29Fc906e2437", 18, NULL);INSERT INTO assets(identifier,type, started, swapped_for) VALUES("eip155:43114/erc20:0xc3048E19E76CB9a3Aa9d77D8C03c29Fc906e2437", "C", 1627052358, NULL); INSERT INTO common_asset_details(identifier, name, symbol, coingecko, cryptocompare, forked) VALUES("eip155:43114/erc20:0xc3048E19E76CB9a3Aa9d77D8C03c29Fc906e2437", "Compound", "COMP.e", "compound-governance-token", "", NULL);
INSERT INTO evm_tokens(identifier, token_kind, chain, address, decimals, protocol) VALUES("eip155:43114/erc20:0xc69Eba65e87889f0805dB717Af06797055A0BA07", "A", "H", "0xc69Eba65e87889f0805dB717Af06797055A0BA07", 18, NULL);INSERT INTO assets(identifier,type, started, swapped_for) VALUES("eip155:43114/erc20:0xc69Eba65e87889f0805dB717Af06797055A0BA07", "C", 1646316409, NULL); INSERT INTO common_asset_details(identifier, name, symbol, coingecko, cryptocompare, forked) VALUES("eip155:43114/erc20:0xc69Eba65e87889f0805dB717Af06797055A0BA07", "NitroNetwork", "ncash", "nucleus-vision", "", NULL);
INSERT INTO evm_tokens(identifier, token_kind, chain, address, decimals, protocol) VALUES("eip155:43114/erc20:0xc7B5D72C836e718cDA8888eaf03707fAef675079", "A", "H", "0xc7B5D72C836e718cDA8888eaf03707fAef675079", 18, NULL);INSERT INTO assets(identifier,type, started, swapped_for) VALUES("eip155:43114/erc20:0xc7B5D72C836e718cDA8888eaf03707fAef675079", "C", 1629818487, NULL); INSERT INTO common_asset_details(identifier, name, symbol, coingecko, cryptocompare, forked) VALUES("eip155:43114/erc20:0xc7B5D72C836e718cDA8888eaf03707fAef675079", "TrustSwap Token", "SWAP.e", "trustswap", "", NULL);
INSERT INTO evm_tokens(identifier, token_kind, chain, address, decimals, protocol) VALUES("eip155:43114/erc20:0xcaF5191fc480F43e4DF80106c7695ECA56E48B18", "A", "H", "0xcaF5191fc480F43e4DF80106c7695ECA56E48B18", 18, NULL);INSERT INTO assets(identifier,type, started, swapped_for) VALUES("eip155:43114/erc20:0xcaF5191fc480F43e4DF80106c7695ECA56E48B18", "C", 1635916076, NULL); INSERT INTO common_asset_details(identifier, name, symbol, coingecko, cryptocompare, forked) VALUES("eip155:43114/erc20:0xcaF5191fc480F43e4DF80106c7695ECA56E48B18", "Akita Inu", "AKITA", "akita-inu", "AKITA", NULL);
INSERT INTO evm_tokens(identifier, token_kind, chain, address, decimals, protocol) VALUES("eip155:43114/erc20:0xCE1bFFBD5374Dac86a2893119683F4911a2F7814", "A", "H", "0xCE1bFFBD5374Dac86a2893119683F4911a2F7814", 18, NULL);INSERT INTO assets(identifier,type, started, swapped_for) VALUES("eip155:43114/erc20:0xCE1bFFBD5374Dac86a2893119683F4911a2F7814", "C", 1631158188, NULL); INSERT INTO common_asset_details(identifier, name, symbol, coingecko, cryptocompare, forked) VALUES("eip155:43114/erc20:0xCE1bFFBD5374Dac86a2893119683F4911a2F7814", "Spell Token", "SPELL", "spell-token", "SPELL", NULL);
INSERT INTO evm_tokens(identifier, token_kind, chain, address, decimals, protocol) VALUES("eip155:43114/erc20:0xd1c3f94DE7e5B45fa4eDBBA472491a9f4B166FC4", "A", "H", "0xd1c3f94DE7e5B45fa4eDBBA472491a9f4B166FC4", 18, NULL);INSERT INTO assets(identifier,type, started, swapped_for) VALUES("eip155:43114/erc20:0xd1c3f94DE7e5B45fa4eDBBA472491a9f4B166FC4", "C", 1620038770, NULL); INSERT INTO common_asset_details(identifier, name, symbol, coingecko, cryptocompare, forked) VALUES("eip155:43114/erc20:0xd1c3f94DE7e5B45fa4eDBBA472491a9f4B166FC4", "Avalaunch", "XAVA", "avalaunch", "XAVA", NULL);
INSERT INTO evm_tokens(identifier, token_kind, chain, address, decimals, protocol) VALUES("eip155:43114/erc20:0xD24C2Ad096400B6FBcd2ad8B24E7acBc21A1da64", "A", "H", "0xD24C2Ad096400B6FBcd2ad8B24E7acBc21A1da64", 18, NULL);INSERT INTO assets(identifier,type, started, swapped_for) VALUES("eip155:43114/erc20:0xD24C2Ad096400B6FBcd2ad8B24E7acBc21A1da64", "C", 1631911728, NULL); INSERT INTO common_asset_details(identifier, name, symbol, coingecko, cryptocompare, forked) VALUES("eip155:43114/erc20:0xD24C2Ad096400B6FBcd2ad8B24E7acBc21A1da64", "Frax", "FRAX", "frax", "FRAX", NULL);
INSERT INTO evm_tokens(identifier, token_kind, chain, address, decimals, protocol) VALUES("eip155:43114/erc20:0xD4d026322C88C2d49942A75DfF920FCfbC5614C1", "A", "H", "0xD4d026322C88C2d49942A75DfF920FCfbC5614C1", 18, NULL);INSERT INTO assets(identifier,type, started, swapped_for) VALUES("eip155:43114/erc20:0xD4d026322C88C2d49942A75DfF920FCfbC5614C1", "C", 1637128442, NULL); INSERT INTO common_asset_details(identifier, name, symbol, coingecko, cryptocompare, forked) VALUES("eip155:43114/erc20:0xD4d026322C88C2d49942A75DfF920FCfbC5614C1", "DEAPCOIN", "DEP", "deapcoin", "", NULL);
INSERT INTO evm_tokens(identifier, token_kind, chain, address, decimals, protocol) VALUES("eip155:43114/erc20:0xd501281565bf7789224523144Fe5D98e8B28f267", "A", "H", "0xd501281565bf7789224523144Fe5D98e8B28f267", 18, NULL);INSERT INTO assets(identifier,type, started, swapped_for) VALUES("eip155:43114/erc20:0xd501281565bf7789224523144Fe5D98e8B28f267", "C", 1627052355, NULL); INSERT INTO common_asset_details(identifier, name, symbol, coingecko, cryptocompare, forked) VALUES("eip155:43114/erc20:0xd501281565bf7789224523144Fe5D98e8B28f267", "1INCH Token", "1INCH.e", "1inch", "", NULL);
INSERT INTO evm_tokens(identifier, token_kind, chain, address, decimals, protocol) VALUES("eip155:43114/erc20:0xd586E7F844cEa2F87f50152665BCbc2C279D8d70", "A", "H", "0xd586E7F844cEa2F87f50152665BCbc2C279D8d70", 18, NULL);INSERT INTO assets(identifier,type, started, swapped_for) VALUES("eip155:43114/erc20:0xd586E7F844cEa2F87f50152665BCbc2C279D8d70", "C", 1627052370, NULL); INSERT INTO common_asset_details(identifier, name, symbol, coingecko, cryptocompare, forked) VALUES("eip155:43114/erc20:0xd586E7F844cEa2F87f50152665BCbc2C279D8d70", "Dai Stablecoin", "DAI.e", "dai", "", NULL);
INSERT INTO evm_tokens(identifier, token_kind, chain, address, decimals, protocol) VALUES("eip155:43114/erc20:0xd6070ae98b8069de6B494332d1A1a81B6179D960", "A", "H", "0xd6070ae98b8069de6B494332d1A1a81B6179D960", 18, NULL);INSERT INTO assets(identifier,type, started, swapped_for) VALUES("eip155:43114/erc20:0xd6070ae98b8069de6B494332d1A1a81B6179D960", "C", 1618991330, NULL); INSERT INTO common_asset_details(identifier, name, symbol, coingecko, cryptocompare, forked) VALUES("eip155:43114/erc20:0xd6070ae98b8069de6B494332d1A1a81B6179D960", "beefy.finance", "BIFI", "beefy-finance", "BIFI", NULL);
INSERT INTO evm_tokens(identifier, token_kind, chain, address, decimals, protocol) VALUES("eip155:43114/erc20:0xD7c295E399CA928A3a14b01D760E794f1AdF8990", "A", "H", "0xD7c295E399CA928A3a14b01D760E794f1AdF8990", 18, NULL);INSERT INTO assets(identifier,type, started, swapped_for) VALUES("eip155:43114/erc20:0xD7c295E399CA928A3a14b01D760E794f1AdF8990", "C", 1622790085, NULL); INSERT INTO common_asset_details(identifier, name, symbol, coingecko, cryptocompare, forked) VALUES("eip155:43114/erc20:0xD7c295E399CA928A3a14b01D760E794f1AdF8990", "DSLA", "DSLA", "stacktical", "DSLA", NULL);
INSERT INTO evm_tokens(identifier, token_kind, chain, address, decimals, protocol) VALUES("eip155:43114/erc20:0xe0cCa86B254005889aC3a81e737f56a14f4A38F5", "A", "H", "0xe0cCa86B254005889aC3a81e737f56a14f4A38F5", 18, NULL);INSERT INTO assets(identifier,type, started, swapped_for) VALUES("eip155:43114/erc20:0xe0cCa86B254005889aC3a81e737f56a14f4A38F5", "C", 1650918598, NULL); INSERT INTO common_asset_details(identifier, name, symbol, coingecko, cryptocompare, forked) VALUES("eip155:43114/erc20:0xe0cCa86B254005889aC3a81e737f56a14f4A38F5", "Alta Finance", "ALTA", "alta-finance", "", NULL);
INSERT INTO evm_tokens(identifier, token_kind, chain, address, decimals, protocol) VALUES("eip155:43114/erc20:0xE5CAeF4Af8780E59Df925470b050Fb23C43CA68C", "A", "H", "0xE5CAeF4Af8780E59Df925470b050Fb23C43CA68C", 18, NULL);INSERT INTO assets(identifier,type, started, swapped_for) VALUES("eip155:43114/erc20:0xE5CAeF4Af8780E59Df925470b050Fb23C43CA68C", "C", 1641875269, NULL); INSERT INTO common_asset_details(identifier, name, symbol, coingecko, cryptocompare, forked) VALUES("eip155:43114/erc20:0xE5CAeF4Af8780E59Df925470b050Fb23C43CA68C", "Ferrum Network Token", "FRM", "ferrum-network", "", NULL);
INSERT INTO evm_tokens(identifier, token_kind, chain, address, decimals, protocol) VALUES("eip155:43114/erc20:0xeA6887e4a9CdA1B77E70129E5Fba830CdB5cdDef", "A", "H", "0xeA6887e4a9CdA1B77E70129E5Fba830CdB5cdDef", 18, NULL);INSERT INTO assets(identifier,type, started, swapped_for) VALUES("eip155:43114/erc20:0xeA6887e4a9CdA1B77E70129E5Fba830CdB5cdDef", "C", 1632973943, NULL); INSERT INTO common_asset_details(identifier, name, symbol, coingecko, cryptocompare, forked) VALUES("eip155:43114/erc20:0xeA6887e4a9CdA1B77E70129E5Fba830CdB5cdDef", "IMX@avalanche", "IMX.a", "impermax", "", NULL);
INSERT INTO evm_tokens(identifier, token_kind, chain, address, decimals, protocol) VALUES("eip155:43114/erc20:0xEe9801669C6138E84bD50dEB500827b776777d28", "A", "H", "0xEe9801669C6138E84bD50dEB500827b776777d28", 18, NULL);INSERT INTO assets(identifier,type, started, swapped_for) VALUES("eip155:43114/erc20:0xEe9801669C6138E84bD50dEB500827b776777d28", "C", 1637077180, NULL); INSERT INTO common_asset_details(identifier, name, symbol, coingecko, cryptocompare, forked) VALUES("eip155:43114/erc20:0xEe9801669C6138E84bD50dEB500827b776777d28", "O3 Swap Token", "O3", "o3-swap", "O3", NULL);
INSERT INTO evm_tokens(identifier, token_kind, chain, address, decimals, protocol) VALUES("eip155:43114/erc20:0xfCAF13227dcBFa2dc2b1928acFcA03b85e2D25dd", "A", "H", "0xfCAF13227dcBFa2dc2b1928acFcA03b85e2D25dd", 18, NULL);INSERT INTO assets(identifier,type, started, swapped_for) VALUES("eip155:43114/erc20:0xfCAF13227dcBFa2dc2b1928acFcA03b85e2D25dd", "C", 1648776324, NULL); INSERT INTO common_asset_details(identifier, name, symbol, coingecko, cryptocompare, forked) VALUES("eip155:43114/erc20:0xfCAF13227dcBFa2dc2b1928acFcA03b85e2D25dd", "Impossible Decentralized Incubator Access Token", "IDIA", "idia", "IDIA", NULL);
INSERT INTO evm_tokens(identifier, token_kind, chain, address, decimals, protocol) VALUES("eip155:43114/erc20:0xfcDe4A87b8b6FA58326BB462882f1778158B02F1", "A", "H", "0xfcDe4A87b8b6FA58326BB462882f1778158B02F1", 18, NULL);INSERT INTO assets(identifier,type, started, swapped_for) VALUES("eip155:43114/erc20:0xfcDe4A87b8b6FA58326BB462882f1778158B02F1", "C", 1640609584, NULL); INSERT INTO common_asset_details(identifier, name, symbol, coingecko, cryptocompare, forked) VALUES("eip155:43114/erc20:0xfcDe4A87b8b6FA58326BB462882f1778158B02F1", "Wirex Token", "WXT", "wirex", "", NULL);